time,open,high,low,close,volume,amount,xtim
2016-11-14 09:25:00,27.02,27.02,27.02,27.02,19.0,51338.0,2016-11-14 09:25:00
2016-11-14 09:30:00,27.08,27.08,26.97,26.99,367.0,991431.0,2016-11-14 09:30:00
2016-11-14 09:31:00,27.0,27.08,27.0,27.08,140.0,378933.0,2016-11-14 09:31:00
2016-11-14 09:32:00,27.08,27.12,27.0,27.1,140.0,378379.0,2016-11-14 09:32:00
2016-11-14 09:33:00,27.1,27.1,27.1,27.1,71.0,192410.0,2016-11-14 09:33:00
2016-11-14 09:34:00,27.12,27.12,27.1,27.1,77.0,208808.0,2016-11-14 09:34:00
2016-11-14 09:35:00,27.11,27.11,27.09,27.09,79.0,214063.0,2016-11-14 09:35:00
2016-11-14 09:36:00,27.05,27.08,27.05,27.07,123.0,332766.0,2016-11-14 09:36:00
2016-11-14 09:37:00,27.06,27.07,27.01,27.01,125.0,338029.0,2016-11-14 09:37:00
2016-11-14 09:38:00,27.01,27.08,27.0,27.08,142.0,383890.0,2016-11-14 09:38:00
2016-11-14 09:39:00,27.08,27.09,27.02,27.02,66.0,178716.0,2016-11-14 09:39:00
2016-11-14 09:40:00,27.08,27.08,27.03,27.08,482.0,1303110.0,2016-11-14 09:40:00
2016-11-14 09:41:00,27.05,27.08,27.05,27.08,81.0,219277.0,2016-11-14 09:41:00
2016-11-14 09:42:00,27.08,27.09,27.08,27.09,85.0,230212.0,2016-11-14 09:42:00
2016-11-14 09:43:00,27.08,27.1,27.08,27.1,81.0,219414.0,2016-11-14 09:43:00
2016-11-14 09:44:00,27.1,27.1,27.08,27.08,74.0,200493.0,2016-11-14 09:44:00
2016-11-14 09:45:00,27.1,27.11,27.08,27.11,161.0,436294.0,2016-11-14 09:45:00
2016-11-14 09:46:00,27.12,27.15,27.12,27.15,114.0,309384.0,2016-11-14 09:46:00
2016-11-14 09:47:00,27.17,27.29,27.17,27.29,218.0,594091.0,2016-11-14 09:47:00
2016-11-14 09:48:00,27.29,27.29,27.23,27.25,163.0,444311.0,2016-11-14 09:48:00
2016-11-14 09:49:00,27.2,27.2,27.19,27.2,278.0,758538.0,2016-11-14 09:49:00
2016-11-14 09:50:00,27.2,27.22,27.18,27.18,672.0,1830519.0,2016-11-14 09:50:00
2016-11-14 09:51:00,27.19,27.19,27.18,27.18,139.0,377916.0,2016-11-14 09:51:00
2016-11-14 09:52:00,27.19,27.21,27.19,27.19,309.0,840391.0,2016-11-14 09:52:00
2016-11-14 09:53:00,27.18,27.18,27.15,27.15,420.0,1143803.0,2016-11-14 09:53:00
2016-11-14 09:54:00,27.15,27.15,27.13,27.14,20.0,54280.0,2016-11-14 09:54:00
2016-11-14 09:55:00,27.14,27.15,27.13,27.13,84.0,227971.0,2016-11-14 09:55:00
2016-11-14 09:56:00,27.15,27.15,27.14,27.14,100.0,271451.0,2016-11-14 09:56:00
2016-11-14 09:57:00,27.15,27.21,27.14,27.16,288.0,784685.0,2016-11-14 09:57:00
2016-11-14 09:58:00,27.14,27.21,27.14,27.16,199.0,541010.0,2016-11-14 09:58:00
2016-11-14 09:59:00,27.16,27.21,27.12,27.21,842.0,2284280.0,2016-11-14 09:59:00
2016-11-14 10:00:00,27.21,27.22,27.21,27.22,238.0,647739.0,2016-11-14 10:00:00
2016-11-14 10:01:00,27.21,27.21,27.15,27.17,48.0,130432.0,2016-11-14 10:01:00
2016-11-14 10:02:00,27.17,27.21,27.17,27.19,119.0,323426.0,2016-11-14 10:02:00
2016-11-14 10:03:00,27.19,27.2,27.18,27.18,209.0,570870.0,2016-11-14 10:03:00
2016-11-14 10:04:00,27.2,27.2,27.17,27.17,138.0,377990.0,2016-11-14 10:04:00
2016-11-14 10:05:00,27.18,27.19,27.17,27.19,218.0,592722.0,2016-11-14 10:05:00
2016-11-14 10:06:00,27.19,27.19,27.17,27.17,34.0,92420.0,2016-11-14 10:06:00
2016-11-14 10:07:00,27.18,27.22,27.17,27.22,153.0,416210.0,2016-11-14 10:07:00
2016-11-14 10:08:00,27.22,27.22,27.18,27.18,82.0,223020.0,2016-11-14 10:08:00
2016-11-14 10:09:00,27.17,27.21,27.17,27.21,275.0,747763.0,2016-11-14 10:09:00
2016-11-14 10:10:00,27.2,27.2,27.17,27.2,246.0,669000.0,2016-11-14 10:10:00
2016-11-14 10:11:00,27.2,27.2,27.18,27.18,54.0,146850.0,2016-11-14 10:11:00
2016-11-14 10:12:00,27.19,27.2,27.16,27.17,293.0,796456.0,2016-11-14 10:12:00
2016-11-14 10:13:00,27.16,27.17,27.16,27.16,87.0,236312.0,2016-11-14 10:13:00
2016-11-14 10:14:00,27.16,27.2,27.15,27.2,235.0,638681.0,2016-11-14 10:14:00
2016-11-14 10:15:00,27.2,27.2,27.17,27.17,120.0,326236.0,2016-11-14 10:15:00
2016-11-14 10:16:00,27.17,27.17,27.14,27.14,193.0,523955.0,2016-11-14 10:16:00
2016-11-14 10:17:00,27.15,27.21,27.15,27.2,298.0,810121.0,2016-11-14 10:17:00
2016-11-14 10:18:00,27.2,27.2,27.14,27.16,242.0,657130.0,2016-11-14 10:18:00
2016-11-14 10:19:00,27.16,27.17,27.16,27.17,125.0,339620.0,2016-11-14 10:19:00
2016-11-14 10:20:00,27.17,27.2,27.16,27.2,254.0,690748.0,2016-11-14 10:20:00
2016-11-14 10:21:00,27.19,27.19,27.16,27.16,101.0,274352.0,2016-11-14 10:21:00
2016-11-14 10:22:00,27.16,27.19,27.15,27.19,358.0,972871.0,2016-11-14 10:22:00
2016-11-14 10:23:00,27.19,27.19,27.15,27.19,205.0,557016.0,2016-11-14 10:23:00
2016-11-14 10:24:00,27.16,27.2,27.16,27.2,324.0,880686.0,2016-11-14 10:24:00
2016-11-14 10:25:00,27.16,27.21,27.16,27.19,74.0,201240.0,2016-11-14 10:25:00
2016-11-14 10:26:00,27.15,27.15,27.13,27.13,737.0,2003369.0,2016-11-14 10:26:00
2016-11-14 10:27:00,27.15,27.15,27.15,27.15,15.0,40725.0,2016-11-14 10:27:00
2016-11-14 10:28:00,27.13,27.14,27.13,27.14,8.0,21710.0,2016-11-14 10:28:00
2016-11-14 10:29:00,27.12,27.12,27.1,27.1,226.0,617859.0,2016-11-14 10:29:00
2016-11-14 10:30:00,27.09,27.1,27.07,27.07,887.0,2403885.0,2016-11-14 10:30:00
2016-11-14 10:31:00,27.14,27.14,27.08,27.13,21.0,56948.0,2016-11-14 10:31:00
2016-11-14 10:32:00,27.13,27.14,27.13,27.13,144.0,390686.0,2016-11-14 10:32:00
2016-11-14 10:33:00,27.13,27.13,27.09,27.09,28.0,75913.0,2016-11-14 10:33:00
2016-11-14 10:34:00,27.08,27.08,27.08,27.08,37.0,100195.0,2016-11-14 10:34:00
2016-11-14 10:35:00,27.1,27.1,27.06,27.06,305.0,825950.0,2016-11-14 10:35:00
2016-11-14 10:36:00,27.08,27.12,27.08,27.08,44.0,119183.0,2016-11-14 10:36:00
2016-11-14 10:37:00,27.12,27.13,27.09,27.13,43.0,116614.0,2016-11-14 10:37:00
2016-11-14 10:38:00,27.1,27.12,27.09,27.09,56.0,151787.0,2016-11-14 10:38:00
2016-11-14 10:39:00,27.12,27.12,27.1,27.1,17.0,46084.0,2016-11-14 10:39:00
2016-11-14 10:40:00,27.08,27.1,27.07,27.1,410.0,1112734.0,2016-11-14 10:40:00
2016-11-14 10:41:00,27.15,27.15,27.1,27.1,512.0,1388339.0,2016-11-14 10:41:00
2016-11-14 10:42:00,27.1,27.1,27.06,27.06,205.0,555133.0,2016-11-14 10:42:00
2016-11-14 10:43:00,27.09,27.09,27.06,27.09,113.0,306078.0,2016-11-14 10:43:00
2016-11-14 10:44:00,27.1,27.12,27.1,27.12,154.0,419494.0,2016-11-14 10:44:00
2016-11-14 10:45:00,27.1,27.1,27.08,27.08,40.0,108892.0,2016-11-14 10:45:00
2016-11-14 10:46:00,27.07,27.09,27.07,27.08,47.0,127274.0,2016-11-14 10:46:00
2016-11-14 10:47:00,27.09,27.13,27.09,27.1,144.0,395267.0,2016-11-14 10:47:00
2016-11-14 10:48:00,27.2,27.2,27.2,27.2,300.0,816000.0,2016-11-14 10:48:00
2016-11-14 10:49:00,27.13,27.2,27.13,27.14,699.0,1899831.0,2016-11-14 10:49:00
2016-11-14 10:50:00,27.2,27.23,27.14,27.14,591.0,1608919.0,2016-11-14 10:50:00
2016-11-14 10:51:00,27.15,27.15,27.14,27.14,292.0,792489.0,2016-11-14 10:51:00
2016-11-14 10:52:00,27.13,27.14,27.13,27.14,7.0,18993.0,2016-11-14 10:52:00
2016-11-14 10:53:00,27.14,27.14,27.13,27.13,42.0,113953.0,2016-11-14 10:53:00
2016-11-14 10:54:00,27.2,27.21,27.2,27.21,147.0,399955.0,2016-11-14 10:54:00
2016-11-14 10:55:00,27.18,27.18,27.13,27.13,94.0,255174.0,2016-11-14 10:55:00
2016-11-14 10:56:00,27.13,27.22,27.13,27.22,305.0,831682.0,2016-11-14 10:56:00
2016-11-14 10:57:00,27.22,27.22,27.21,27.21,92.0,250385.0,2016-11-14 10:57:00
2016-11-14 10:58:00,27.21,27.21,27.19,27.19,132.0,359016.0,2016-11-14 10:58:00
2016-11-14 10:59:00,27.17,27.19,27.17,27.18,31.0,84239.0,2016-11-14 10:59:00
2016-11-14 11:00:00,27.18,27.18,27.13,27.13,304.0,824772.0,2016-11-14 11:00:00
2016-11-14 11:01:00,27.18,27.18,27.11,27.12,116.0,317370.0,2016-11-14 11:01:00
2016-11-14 11:02:00,27.12,27.12,27.12,27.12,512.0,1388544.0,2016-11-14 11:02:00
2016-11-14 11:03:00,27.17,27.17,27.12,27.14,107.0,290473.0,2016-11-14 11:03:00
2016-11-14 11:04:00,27.14,27.14,27.14,27.14,89.0,241546.0,2016-11-14 11:04:00
2016-11-14 11:05:00,27.13,27.13,27.1,27.1,118.0,319826.0,2016-11-14 11:05:00
2016-11-14 11:06:00,27.1,27.12,27.09,27.12,142.0,384717.0,2016-11-14 11:06:00
2016-11-14 11:07:00,27.12,27.13,27.12,27.13,66.0,179006.0,2016-11-14 11:07:00
2016-11-14 11:08:00,27.13,27.13,27.12,27.12,46.0,124760.0,2016-11-14 11:08:00
2016-11-14 11:09:00,27.12,27.12,27.12,27.12,6.0,16272.0,2016-11-14 11:09:00
2016-11-14 11:10:00,27.1,27.1,27.1,27.1,24.0,65040.0,2016-11-14 11:10:00
2016-11-14 11:11:00,27.09,27.09,27.07,27.08,221.0,598670.0,2016-11-14 11:11:00
2016-11-14 11:12:00,27.08,27.09,27.07,27.07,83.0,224766.0,2016-11-14 11:12:00
2016-11-14 11:13:00,27.08,27.09,27.08,27.09,42.0,113754.0,2016-11-14 11:13:00
2016-11-14 11:14:00,27.09,27.11,27.09,27.11,32.0,86708.0,2016-11-14 11:14:00
2016-11-14 11:15:00,27.11,27.12,27.11,27.11,434.0,1176895.0,2016-11-14 11:15:00
2016-11-14 11:16:00,27.11,27.12,27.11,27.12,81.0,219617.0,2016-11-14 11:16:00
2016-11-14 11:17:00,27.11,27.13,27.1,27.13,199.0,539669.0,2016-11-14 11:17:00
2016-11-14 11:18:00,27.13,27.13,27.13,27.13,9.0,24417.0,2016-11-14 11:18:00
2016-11-14 11:19:00,27.1,27.1,27.08,27.08,116.0,316212.0,2016-11-14 11:19:00
2016-11-14 11:20:00,27.13,27.13,27.08,27.09,42.0,113828.0,2016-11-14 11:20:00
2016-11-14 11:21:00,27.09,27.13,27.09,27.13,97.0,263049.0,2016-11-14 11:21:00
2016-11-14 11:22:00,27.12,27.12,27.12,27.12,18.0,48816.0,2016-11-14 11:22:00
2016-11-14 11:23:00,27.12,27.12,27.11,27.11,7.0,18982.0,2016-11-14 11:23:00
2016-11-14 11:24:00,27.1,27.12,27.1,27.1,153.0,414670.0,2016-11-14 11:24:00
2016-11-14 11:25:00,27.09,27.09,27.08,27.08,217.0,587753.0,2016-11-14 11:25:00
2016-11-14 11:26:00,27.09,27.09,27.08,27.08,52.0,140820.0,2016-11-14 11:26:00
2016-11-14 11:27:00,27.08,27.09,27.08,27.09,100.0,270803.0,2016-11-14 11:27:00
2016-11-14 11:28:00,27.09,27.09,27.09,27.09,3.0,8127.0,2016-11-14 11:28:00
2016-11-14 11:29:00,27.09,27.09,27.08,27.08,20.0,54165.0,2016-11-14 11:29:00
2016-11-14 11:30:00,27.08,27.08,27.08,27.08,0.0,0.0,2016-11-14 11:30:00
2016-11-14 13:00:00,27.09,27.13,27.09,27.13,172.0,467979.0,2016-11-14 13:00:00
2016-11-14 13:01:00,27.13,27.13,27.11,27.13,18.0,48828.0,2016-11-14 13:01:00
2016-11-14 13:02:00,27.11,27.11,27.1,27.1,105.0,284555.0,2016-11-14 13:02:00
2016-11-14 13:04:00,27.15,27.15,27.1,27.1,19.0,51580.0,2016-11-14 13:04:00
2016-11-14 13:05:00,27.1,27.1,27.1,27.1,99.0,270999.0,2016-11-14 13:05:00
2016-11-14 13:06:00,27.14,27.14,27.12,27.12,27.0,73256.0,2016-11-14 13:06:00
2016-11-14 13:07:00,27.12,27.15,27.12,27.15,583.0,1582726.0,2016-11-14 13:07:00
2016-11-14 13:08:00,27.14,27.15,27.14,27.15,165.0,447834.0,2016-11-14 13:08:00
2016-11-14 13:09:00,27.15,27.15,27.14,27.14,104.0,282260.0,2016-11-14 13:09:00
2016-11-14 13:10:00,27.14,27.14,27.14,27.14,12.0,32568.0,2016-11-14 13:10:00
2016-11-14 13:11:00,27.14,27.14,27.14,27.14,68.0,184552.0,2016-11-14 13:11:00
2016-11-14 13:12:00,27.14,27.15,27.14,27.15,25.0,67873.0,2016-11-14 13:12:00
2016-11-14 13:14:00,27.14,27.15,27.14,27.15,111.0,301355.0,2016-11-14 13:14:00
2016-11-14 13:15:00,27.14,27.15,27.12,27.12,59.0,160029.0,2016-11-14 13:15:00
2016-11-14 13:16:00,27.12,27.13,27.12,27.13,9.0,24416.0,2016-11-14 13:16:00
2016-11-14 13:17:00,27.13,27.13,27.13,27.13,12.0,32556.0,2016-11-14 13:17:00
2016-11-14 13:18:00,27.13,27.14,27.12,27.12,189.0,512586.0,2016-11-14 13:18:00
2016-11-14 13:19:00,27.12,27.13,27.12,27.12,252.0,683444.0,2016-11-14 13:19:00
2016-11-14 13:20:00,27.12,27.13,27.11,27.11,42.0,113905.0,2016-11-14 13:20:00
2016-11-14 13:21:00,27.1,27.12,27.1,27.1,113.0,306430.0,2016-11-14 13:21:00
2016-11-14 13:22:00,27.1,27.1,27.1,27.1,9.0,24390.0,2016-11-14 13:22:00
2016-11-14 13:23:00,27.12,27.12,27.1,27.1,14.0,37954.0,2016-11-14 13:23:00
2016-11-14 13:24:00,27.1,27.1,27.07,27.07,432.0,1169520.0,2016-11-14 13:24:00
2016-11-14 13:25:00,27.1,27.1,27.1,27.1,7.0,18970.0,2016-11-14 13:25:00
2016-11-14 13:26:00,27.13,27.13,27.1,27.1,241.0,653740.0,2016-11-14 13:26:00
2016-11-14 13:27:00,27.1,27.1,27.07,27.07,154.0,416890.0,2016-11-14 13:27:00
2016-11-14 13:28:00,27.05,27.1,27.05,27.1,248.0,670865.0,2016-11-14 13:28:00
2016-11-14 13:29:00,27.06,27.07,27.06,27.07,8.0,21649.0,2016-11-14 13:29:00
2016-11-14 13:30:00,27.07,27.07,27.04,27.04,293.0,796654.0,2016-11-14 13:30:00
2016-11-14 13:31:00,27.04,27.05,27.04,27.05,79.0,213657.0,2016-11-14 13:31:00
2016-11-14 13:32:00,27.05,27.05,26.93,26.94,1263.0,3408819.0,2016-11-14 13:32:00
2016-11-14 13:33:00,26.94,27.05,26.94,27.04,127.0,343347.0,2016-11-14 13:33:00
2016-11-14 13:34:00,27.04,27.04,26.97,26.98,73.0,197312.0,2016-11-14 13:34:00
2016-11-14 13:35:00,26.96,27.02,26.93,26.98,756.0,2038077.0,2016-11-14 13:35:00
2016-11-14 13:36:00,26.98,26.99,26.95,26.99,181.0,488245.0,2016-11-14 13:36:00
2016-11-14 13:37:00,26.95,26.99,26.95,26.99,49.0,132162.0,2016-11-14 13:37:00
2016-11-14 13:38:00,26.96,26.96,26.95,26.96,128.0,345081.0,2016-11-14 13:38:00
2016-11-14 13:39:00,26.96,26.98,26.96,26.98,130.0,350720.0,2016-11-14 13:39:00
2016-11-14 13:40:00,26.95,26.96,26.94,26.94,164.0,441981.0,2016-11-14 13:40:00
2016-11-14 13:41:00,26.94,26.99,26.9,26.9,622.0,1675430.0,2016-11-14 13:41:00
2016-11-14 13:42:00,26.86,26.9,26.85,26.87,238.0,639226.0,2016-11-14 13:42:00
2016-11-14 13:43:00,26.88,26.98,26.88,26.88,423.0,1138210.0,2016-11-14 13:43:00
2016-11-14 13:44:00,26.9,26.99,26.89,26.99,194.0,523188.0,2016-11-14 13:44:00
2016-11-14 13:45:00,26.98,26.98,26.95,26.96,54.0,145651.0,2016-11-14 13:45:00
2016-11-14 13:46:00,26.92,26.93,26.92,26.93,139.0,374189.0,2016-11-14 13:46:00
2016-11-14 13:47:00,26.93,26.96,26.93,26.95,159.0,428542.0,2016-11-14 13:47:00
2016-11-14 13:48:00,26.95,26.95,26.94,26.94,200.0,538878.0,2016-11-14 13:48:00
2016-11-14 13:49:00,26.94,26.98,26.94,26.94,102.0,274988.0,2016-11-14 13:49:00
2016-11-14 13:50:00,26.94,26.94,26.94,26.94,9.0,24246.0,2016-11-14 13:50:00
2016-11-14 13:51:00,26.98,26.98,26.93,26.94,232.0,624993.0,2016-11-14 13:51:00
2016-11-14 13:52:00,26.93,26.93,26.91,26.91,371.0,998498.0,2016-11-14 13:52:00
2016-11-14 13:53:00,26.91,26.95,26.91,26.95,24.0,64656.0,2016-11-14 13:53:00
2016-11-14 13:54:00,26.95,26.95,26.92,26.93,20.0,53883.0,2016-11-14 13:54:00
2016-11-14 13:55:00,26.93,26.93,26.92,26.92,32.0,86157.0,2016-11-14 13:55:00
2016-11-14 13:56:00,26.91,26.91,26.9,26.9,146.0,392797.0,2016-11-14 13:56:00
2016-11-14 13:57:00,26.9,26.92,26.89,26.89,136.0,366021.0,2016-11-14 13:57:00
2016-11-14 13:58:00,26.89,26.92,26.89,26.92,13.0,34966.0,2016-11-14 13:58:00
2016-11-14 13:59:00,26.89,26.89,26.88,26.88,143.0,384490.0,2016-11-14 13:59:00
2016-11-14 14:00:00,26.89,26.92,26.89,26.92,19.0,51127.0,2016-11-14 14:00:00
2016-11-14 14:01:00,26.89,26.92,26.88,26.88,128.0,344115.0,2016-11-14 14:01:00
2016-11-14 14:02:00,26.88,26.88,26.85,26.85,418.0,1122853.0,2016-11-14 14:02:00
2016-11-14 14:03:00,26.85,26.86,26.82,26.86,506.0,1357318.0,2016-11-14 14:03:00
2016-11-14 14:04:00,26.85,26.95,26.85,26.95,572.0,1540886.0,2016-11-14 14:04:00
2016-11-14 14:05:00,26.95,26.95,26.84,26.84,405.0,1088283.0,2016-11-14 14:05:00
2016-11-14 14:06:00,26.87,26.87,26.85,26.85,59.0,158495.0,2016-11-14 14:06:00
2016-11-14 14:07:00,26.85,26.85,26.79,26.8,1416.0,3798813.0,2016-11-14 14:07:00
2016-11-14 14:08:00,26.79,26.8,26.79,26.8,261.0,699369.0,2016-11-14 14:08:00
2016-11-14 14:09:00,26.8,26.8,26.79,26.8,332.0,889753.0,2016-11-14 14:09:00
2016-11-14 14:10:00,26.85,26.85,26.76,26.76,1418.0,3805854.0,2016-11-14 14:10:00
2016-11-14 14:11:00,26.82,26.82,26.76,26.76,650.0,1740088.0,2016-11-14 14:11:00
2016-11-14 14:12:00,26.77,26.79,26.71,26.71,473.0,1264373.0,2016-11-14 14:12:00
2016-11-14 14:13:00,26.79,26.79,26.73,26.77,132.0,353342.0,2016-11-14 14:13:00
2016-11-14 14:14:00,26.73,26.77,26.73,26.74,158.0,422451.0,2016-11-14 14:14:00
2016-11-14 14:15:00,26.7,26.7,26.62,26.67,834.0,2227406.0,2016-11-14 14:15:00
2016-11-14 14:16:00,26.62,26.65,26.6,26.6,1554.0,4135690.0,2016-11-14 14:16:00
2016-11-14 14:17:00,26.6,26.67,26.59,26.67,1001.0,2667853.0,2016-11-14 14:17:00
2016-11-14 14:18:00,26.68,26.7,26.67,26.7,128.0,341577.0,2016-11-14 14:18:00
2016-11-14 14:19:00,26.7,26.7,26.69,26.7,615.0,1642019.0,2016-11-14 14:19:00
2016-11-14 14:20:00,26.7,26.77,26.7,26.77,219.0,587246.0,2016-11-14 14:20:00
2016-11-14 14:21:00,26.8,26.84,26.77,26.84,207.0,554952.0,2016-11-14 14:21:00
2016-11-14 14:22:00,26.84,26.85,26.84,26.85,264.0,708837.0,2016-11-14 14:22:00
2016-11-14 14:23:00,26.84,26.84,26.77,26.77,229.0,613712.0,2016-11-14 14:23:00
2016-11-14 14:24:00,26.77,26.8,26.77,26.8,78.0,208877.0,2016-11-14 14:24:00
2016-11-14 14:25:00,26.79,26.84,26.79,26.84,91.0,243971.0,2016-11-14 14:25:00
2016-11-14 14:26:00,26.8,26.84,26.77,26.78,173.0,463653.0,2016-11-14 14:26:00
2016-11-14 14:27:00,26.78,26.78,26.77,26.77,150.0,401590.0,2016-11-14 14:27:00
2016-11-14 14:28:00,26.77,26.77,26.75,26.77,43.0,115109.0,2016-11-14 14:28:00
2016-11-14 14:29:00,26.8,26.8,26.77,26.77,221.0,591962.0,2016-11-14 14:29:00
2016-11-14 14:30:00,26.77,26.8,26.77,26.8,50.0,133988.0,2016-11-14 14:30:00
2016-11-14 14:31:00,26.8,26.83,26.8,26.8,208.0,557683.0,2016-11-14 14:31:00
2016-11-14 14:32:00,26.8,26.86,26.8,26.86,612.0,1642886.0,2016-11-14 14:32:00
2016-11-14 14:33:00,26.88,26.94,26.86,26.88,403.0,1083854.0,2016-11-14 14:33:00
2016-11-14 14:34:00,26.9,26.94,26.89,26.9,62.0,166811.0,2016-11-14 14:34:00
2016-11-14 14:35:00,26.89,26.89,26.88,26.88,315.0,846781.0,2016-11-14 14:35:00
2016-11-14 14:36:00,26.89,26.89,26.85,26.86,791.0,2124761.0,2016-11-14 14:36:00
2016-11-14 14:37:00,26.86,26.87,26.86,26.87,24.0,64487.0,2016-11-14 14:37:00
2016-11-14 14:38:00,26.89,26.89,26.86,26.86,229.0,615139.0,2016-11-14 14:38:00
2016-11-14 14:39:00,26.85,26.85,26.83,26.83,212.0,568965.0,2016-11-14 14:39:00
2016-11-14 14:40:00,26.83,26.83,26.83,26.83,110.0,295128.0,2016-11-14 14:40:00
2016-11-14 14:41:00,26.83,26.85,26.83,26.85,29.0,77813.0,2016-11-14 14:41:00
2016-11-14 14:42:00,26.83,26.84,26.83,26.83,49.0,132165.0,2016-11-14 14:42:00
2016-11-14 14:43:00,26.83,26.84,26.83,26.84,23.0,61731.0,2016-11-14 14:43:00
2016-11-14 14:44:00,26.84,26.84,26.83,26.84,59.0,158324.0,2016-11-14 14:44:00
2016-11-14 14:45:00,26.83,26.84,26.83,26.83,57.0,152942.0,2016-11-14 14:45:00
2016-11-14 14:46:00,26.83,26.83,26.83,26.83,22.0,61035.0,2016-11-14 14:46:00
2016-11-14 14:47:00,26.82,26.84,26.81,26.84,140.0,375536.0,2016-11-14 14:47:00
2016-11-14 14:48:00,26.82,26.84,26.82,26.82,73.0,196478.0,2016-11-14 14:48:00
2016-11-14 14:49:00,26.82,26.83,26.81,26.81,315.0,849383.0,2016-11-14 14:49:00
2016-11-14 14:50:00,26.81,26.82,26.8,26.81,43.0,118112.0,2016-11-14 14:50:00
2016-11-14 14:51:00,26.8,26.81,26.79,26.79,86.0,230456.0,2016-11-14 14:51:00
2016-11-14 14:52:00,26.8,26.8,26.78,26.78,84.0,225025.0,2016-11-14 14:52:00
2016-11-14 14:53:00,26.78,26.8,26.78,26.8,265.0,710059.0,2016-11-14 14:53:00
2016-11-14 14:54:00,26.8,26.84,26.8,26.82,149.0,400906.0,2016-11-14 14:54:00
2016-11-14 14:55:00,26.84,26.85,26.82,26.82,197.0,528813.0,2016-11-14 14:55:00
2016-11-14 14:56:00,26.82,26.84,26.81,26.81,365.0,978797.0,2016-11-14 14:56:00
2016-11-14 14:57:00,26.81,26.81,26.81,26.81,1.0,2681.0,2016-11-14 14:57:00
2016-11-14 15:00:00,26.8,26.8,26.8,26.8,283.0,758440.0,2016-11-14 15:00:00
2016-11-15 09:25:00,26.8,26.8,26.8,26.8,22.0,58960.0,2016-11-15 09:25:00
2016-11-15 09:30:00,26.8,26.8,26.68,26.68,261.0,696546.0,2016-11-15 09:30:00
2016-11-15 09:31:00,26.67,26.71,26.66,26.7,51.0,136038.0,2016-11-15 09:31:00
2016-11-15 09:32:00,26.67,26.75,26.67,26.71,389.0,1038075.0,2016-11-15 09:32:00
2016-11-15 09:33:00,26.71,26.75,26.7,26.71,107.0,285868.0,2016-11-15 09:33:00
2016-11-15 09:34:00,26.71,26.78,26.71,26.72,64.0,170995.0,2016-11-15 09:34:00
2016-11-15 09:35:00,26.78,26.78,26.72,26.73,22.0,58797.0,2016-11-15 09:35:00
2016-11-15 09:36:00,26.78,26.8,26.78,26.8,65.0,174128.0,2016-11-15 09:36:00
2016-11-15 09:37:00,26.8,26.85,26.8,26.84,4.0,10729.0,2016-11-15 09:37:00
2016-11-15 09:38:00,26.84,26.87,26.82,26.87,120.0,322243.0,2016-11-15 09:38:00
2016-11-15 09:39:00,26.85,26.87,26.77,26.77,642.0,1722099.0,2016-11-15 09:39:00
2016-11-15 09:40:00,26.8,26.86,26.8,26.86,75.0,201346.0,2016-11-15 09:40:00
2016-11-15 09:41:00,26.84,26.84,26.84,26.84,27.0,72468.0,2016-11-15 09:41:00
2016-11-15 09:42:00,26.82,26.85,26.82,26.85,29.0,77794.0,2016-11-15 09:42:00
2016-11-15 09:43:00,26.85,26.89,26.85,26.89,249.0,669048.0,2016-11-15 09:43:00
2016-11-15 09:44:00,26.89,26.92,26.89,26.92,110.0,295822.0,2016-11-15 09:44:00
2016-11-15 09:45:00,26.9,26.93,26.9,26.92,403.0,1085193.0,2016-11-15 09:45:00
2016-11-15 09:46:00,26.92,26.94,26.91,26.92,206.0,554568.0,2016-11-15 09:46:00
2016-11-15 09:47:00,26.93,26.93,26.9,26.91,288.0,774906.0,2016-11-15 09:47:00
2016-11-15 09:48:00,26.9,26.91,26.9,26.91,152.0,411035.0,2016-11-15 09:48:00
2016-11-15 09:49:00,26.91,26.91,26.8,26.8,248.0,666720.0,2016-11-15 09:49:00
2016-11-15 09:50:00,26.87,26.87,26.87,26.87,2.0,5374.0,2016-11-15 09:50:00
2016-11-15 09:51:00,26.88,26.88,26.83,26.83,26.0,69857.0,2016-11-15 09:51:00
2016-11-15 09:52:00,26.8,26.8,26.77,26.77,158.0,424625.0,2016-11-15 09:52:00
2016-11-15 09:53:00,26.77,26.8,26.76,26.8,60.0,161976.0,2016-11-15 09:53:00
2016-11-15 09:54:00,26.8,26.8,26.78,26.8,146.0,391180.0,2016-11-15 09:54:00
2016-11-15 09:55:00,26.8,26.8,26.78,26.78,28.0,74986.0,2016-11-15 09:55:00
2016-11-15 09:56:00,26.79,26.79,26.77,26.77,154.0,412464.0,2016-11-15 09:56:00
2016-11-15 09:57:00,26.77,26.78,26.75,26.75,217.0,582643.0,2016-11-15 09:57:00
2016-11-15 09:58:00,26.76,26.78,26.76,26.76,64.0,171284.0,2016-11-15 09:58:00
2016-11-15 09:59:00,26.78,26.78,26.75,26.76,139.0,372003.0,2016-11-15 09:59:00
2016-11-15 10:00:00,26.76,26.78,26.76,26.78,37.0,99028.0,2016-11-15 10:00:00
2016-11-15 10:01:00,26.78,26.79,26.78,26.78,107.0,286839.0,2016-11-15 10:01:00
2016-11-15 10:02:00,26.86,26.86,26.79,26.86,65.0,174555.0,2016-11-15 10:02:00
2016-11-15 10:03:00,26.81,26.86,26.81,26.86,104.0,278914.0,2016-11-15 10:03:00
2016-11-15 10:04:00,26.88,26.89,26.82,26.89,192.0,516112.0,2016-11-15 10:04:00
2016-11-15 10:05:00,26.89,26.9,26.85,26.89,210.0,564800.0,2016-11-15 10:05:00
2016-11-15 10:06:00,26.89,26.9,26.85,26.89,252.0,677809.0,2016-11-15 10:06:00
2016-11-15 10:07:00,26.89,26.89,26.85,26.88,88.0,236517.0,2016-11-15 10:07:00
2016-11-15 10:08:00,26.88,26.92,26.87,26.92,378.0,1016670.0,2016-11-15 10:08:00
2016-11-15 10:09:00,26.92,26.92,26.9,26.9,250.0,672557.0,2016-11-15 10:09:00
2016-11-15 10:10:00,26.91,26.92,26.86,26.86,308.0,828426.0,2016-11-15 10:10:00
2016-11-15 10:11:00,26.86,26.9,26.8,26.8,254.0,681541.0,2016-11-15 10:11:00
2016-11-15 10:12:00,26.8,26.88,26.8,26.88,116.0,310938.0,2016-11-15 10:12:00
2016-11-15 10:13:00,26.82,26.83,26.8,26.8,337.0,903586.0,2016-11-15 10:13:00
2016-11-15 10:14:00,26.88,26.88,26.78,26.8,326.0,873215.0,2016-11-15 10:14:00
2016-11-15 10:15:00,26.8,26.85,26.8,26.8,44.0,117930.0,2016-11-15 10:15:00
2016-11-15 10:16:00,26.8,26.85,26.79,26.79,178.0,479794.0,2016-11-15 10:16:00
2016-11-15 10:17:00,26.8,26.85,26.79,26.85,61.0,164079.0,2016-11-15 10:17:00
2016-11-15 10:18:00,26.8,26.85,26.8,26.82,16.0,42896.0,2016-11-15 10:18:00
2016-11-15 10:19:00,26.82,26.82,26.8,26.8,29.0,77725.0,2016-11-15 10:19:00
2016-11-15 10:20:00,26.82,26.85,26.8,26.81,58.0,155509.0,2016-11-15 10:20:00
2016-11-15 10:21:00,26.84,26.84,26.8,26.82,63.0,168941.0,2016-11-15 10:21:00
2016-11-15 10:22:00,26.84,26.84,26.82,26.84,45.0,120736.0,2016-11-15 10:22:00
2016-11-15 10:23:00,26.82,26.85,26.8,26.85,101.0,270716.0,2016-11-15 10:23:00
2016-11-15 10:24:00,26.85,26.85,26.8,26.8,22.0,59032.0,2016-11-15 10:24:00
2016-11-15 10:25:00,26.8,26.81,26.8,26.81,44.0,117927.0,2016-11-15 10:25:00
2016-11-15 10:26:00,26.84,26.84,26.81,26.83,18.0,48274.0,2016-11-15 10:26:00
2016-11-15 10:27:00,26.84,26.84,26.84,26.84,22.0,59048.0,2016-11-15 10:27:00
2016-11-15 10:28:00,26.84,26.84,26.81,26.81,70.0,187812.0,2016-11-15 10:28:00
2016-11-15 10:29:00,26.81,26.85,26.81,26.81,112.0,300390.0,2016-11-15 10:29:00
2016-11-15 10:30:00,26.81,26.82,26.81,26.81,28.0,76062.0,2016-11-15 10:30:00
2016-11-15 10:31:00,26.81,26.84,26.81,26.84,65.0,174277.0,2016-11-15 10:31:00
2016-11-15 10:32:00,26.81,26.84,26.81,26.84,26.0,69754.0,2016-11-15 10:32:00
2016-11-15 10:33:00,26.8,26.85,26.79,26.8,225.0,603510.0,2016-11-15 10:33:00
2016-11-15 10:34:00,26.81,26.81,26.81,26.81,5.0,13405.0,2016-11-15 10:34:00
2016-11-15 10:35:00,26.84,26.84,26.81,26.82,87.0,233348.0,2016-11-15 10:35:00
2016-11-15 10:36:00,26.82,26.83,26.82,26.83,70.0,187772.0,2016-11-15 10:36:00
2016-11-15 10:37:00,26.83,26.84,26.81,26.81,11.0,29501.0,2016-11-15 10:37:00
2016-11-15 10:38:00,26.85,26.85,26.83,26.85,88.0,236230.0,2016-11-15 10:38:00
2016-11-15 10:39:00,26.85,26.85,26.82,26.82,98.0,263094.0,2016-11-15 10:39:00
2016-11-15 10:40:00,26.85,26.85,26.82,26.82,66.0,177030.0,2016-11-15 10:40:00
2016-11-15 10:41:00,26.82,26.82,26.8,26.8,175.0,469111.0,2016-11-15 10:41:00
2016-11-15 10:42:00,26.82,26.82,26.8,26.81,33.0,88446.0,2016-11-15 10:42:00
2016-11-15 10:43:00,26.81,26.82,26.81,26.82,27.0,72389.0,2016-11-15 10:43:00
2016-11-15 10:44:00,26.83,26.84,26.81,26.81,56.0,150160.0,2016-11-15 10:44:00
2016-11-15 10:45:00,26.81,26.81,26.8,26.8,129.0,345740.0,2016-11-15 10:45:00
2016-11-15 10:46:00,26.81,26.81,26.8,26.81,33.0,88454.0,2016-11-15 10:46:00
2016-11-15 10:47:00,26.82,26.82,26.81,26.81,8.0,21451.0,2016-11-15 10:47:00
2016-11-15 10:48:00,26.82,26.82,26.81,26.81,22.0,58996.0,2016-11-15 10:48:00
2016-11-15 10:49:00,26.82,26.82,26.81,26.82,37.0,99217.0,2016-11-15 10:49:00
2016-11-15 10:50:00,26.82,26.82,26.81,26.81,26.0,69715.0,2016-11-15 10:50:00
2016-11-15 10:51:00,26.84,26.84,26.82,26.82,13.0,34880.0,2016-11-15 10:51:00
2016-11-15 10:52:00,26.84,26.84,26.83,26.83,34.0,91225.0,2016-11-15 10:52:00
2016-11-15 10:53:00,26.84,26.85,26.83,26.85,50.0,134237.0,2016-11-15 10:53:00
2016-11-15 10:54:00,26.85,26.85,26.83,26.84,27.0,72474.0,2016-11-15 10:54:00
2016-11-15 10:55:00,26.86,26.86,26.85,26.86,36.0,96688.0,2016-11-15 10:55:00
2016-11-15 10:56:00,26.86,26.87,26.85,26.85,26.0,69833.0,2016-11-15 10:56:00
2016-11-15 10:57:00,26.85,26.87,26.84,26.87,89.0,239023.0,2016-11-15 10:57:00
2016-11-15 10:58:00,26.87,26.87,26.86,26.87,17.0,45669.0,2016-11-15 10:58:00
2016-11-15 10:59:00,26.86,26.86,26.85,26.85,17.0,45648.0,2016-11-15 10:59:00
2016-11-15 11:00:00,26.86,26.86,26.85,26.85,11.0,29539.0,2016-11-15 11:00:00
2016-11-15 11:01:00,26.87,26.87,26.87,26.87,26.0,69862.0,2016-11-15 11:01:00
2016-11-15 11:02:00,26.87,26.87,26.85,26.86,63.0,169221.0,2016-11-15 11:02:00
2016-11-15 11:03:00,26.87,26.9,26.87,26.9,82.0,220484.0,2016-11-15 11:03:00
2016-11-15 11:04:00,26.9,26.9,26.87,26.87,15.0,40335.0,2016-11-15 11:04:00
2016-11-15 11:05:00,26.89,26.89,26.88,26.88,63.0,169347.0,2016-11-15 11:05:00
2016-11-15 11:06:00,26.9,26.9,26.88,26.88,66.0,177463.0,2016-11-15 11:06:00
2016-11-15 11:07:00,26.88,26.89,26.87,26.87,119.0,319771.0,2016-11-15 11:07:00
2016-11-15 11:08:00,26.86,26.87,26.86,26.87,86.0,231010.0,2016-11-15 11:08:00
2016-11-15 11:09:00,26.88,26.92,26.88,26.92,364.0,979243.0,2016-11-15 11:09:00
2016-11-15 11:10:00,26.9,26.92,26.9,26.91,15.0,40359.0,2016-11-15 11:10:00
2016-11-15 11:11:00,26.91,26.92,26.91,26.92,61.0,164202.0,2016-11-15 11:11:00
2016-11-15 11:12:00,26.92,26.92,26.91,26.92,26.0,69987.0,2016-11-15 11:12:00
2016-11-15 11:13:00,26.93,26.93,26.92,26.93,422.0,1136441.0,2016-11-15 11:13:00
2016-11-15 11:14:00,26.94,26.94,26.92,26.92,64.0,172359.0,2016-11-15 11:14:00
2016-11-15 11:15:00,26.9,26.94,26.85,26.85,621.0,1669811.0,2016-11-15 11:15:00
2016-11-15 11:16:00,26.92,26.92,26.83,26.83,173.0,464441.0,2016-11-15 11:16:00
2016-11-15 11:17:00,26.84,26.84,26.8,26.84,135.0,361936.0,2016-11-15 11:17:00
2016-11-15 11:18:00,26.84,26.86,26.84,26.86,10.0,26850.0,2016-11-15 11:18:00
2016-11-15 11:19:00,26.84,26.91,26.84,26.91,7.0,18795.0,2016-11-15 11:19:00
2016-11-15 11:20:00,26.84,26.87,26.84,26.87,7.0,18794.0,2016-11-15 11:20:00
2016-11-15 11:21:00,26.85,26.91,26.85,26.91,11.0,29551.0,2016-11-15 11:21:00
2016-11-15 11:22:00,26.85,26.91,26.85,26.91,29.0,78009.0,2016-11-15 11:22:00
2016-11-15 11:23:00,26.92,26.92,26.91,26.91,20.0,53824.0,2016-11-15 11:23:00
2016-11-15 11:24:00,26.92,26.92,26.86,26.91,73.0,196405.0,2016-11-15 11:24:00
2016-11-15 11:25:00,26.86,26.88,26.86,26.88,41.0,110130.0,2016-11-15 11:25:00
2016-11-15 11:26:00,26.86,26.88,26.86,26.88,22.0,59126.0,2016-11-15 11:26:00
2016-11-15 11:27:00,26.87,26.87,26.85,26.85,69.0,185277.0,2016-11-15 11:27:00
2016-11-15 11:28:00,26.86,26.87,26.85,26.87,28.0,75184.0,2016-11-15 11:28:00
2016-11-15 11:29:00,26.85,26.85,26.85,26.85,22.0,59070.0,2016-11-15 11:29:00
2016-11-15 11:30:00,26.85,26.85,26.85,26.85,30.0,80550.0,2016-11-15 11:30:00
2016-11-15 13:00:00,26.85,26.85,26.85,26.85,27.0,72495.0,2016-11-15 13:00:00
2016-11-15 13:01:00,26.85,26.85,26.84,26.84,62.0,166465.0,2016-11-15 13:01:00
2016-11-15 13:02:00,26.85,26.85,26.82,26.82,50.0,134191.0,2016-11-15 13:02:00
2016-11-15 13:03:00,26.83,26.83,26.83,26.83,7.0,18781.0,2016-11-15 13:03:00
2016-11-15 13:04:00,26.85,26.85,26.83,26.83,10.0,26840.0,2016-11-15 13:04:00
2016-11-15 13:05:00,26.83,26.85,26.83,26.85,20.0,53690.0,2016-11-15 13:05:00
2016-11-15 13:06:00,26.85,26.85,26.83,26.83,64.0,171727.0,2016-11-15 13:06:00
2016-11-15 13:07:00,26.83,26.85,26.83,26.85,92.0,247004.0,2016-11-15 13:07:00
2016-11-15 13:08:00,26.86,26.86,26.85,26.85,41.0,110120.0,2016-11-15 13:08:00
2016-11-15 13:09:00,26.86,26.86,26.85,26.85,155.0,416181.0,2016-11-15 13:09:00
2016-11-15 13:10:00,26.86,26.86,26.83,26.86,36.0,96638.0,2016-11-15 13:10:00
2016-11-15 13:11:00,26.86,26.86,26.83,26.86,68.0,182486.0,2016-11-15 13:11:00
2016-11-15 13:12:00,26.84,26.85,26.84,26.85,13.0,34898.0,2016-11-15 13:12:00
2016-11-15 13:13:00,26.85,26.85,26.84,26.85,18.0,48315.0,2016-11-15 13:13:00
2016-11-15 13:14:00,26.85,26.85,26.83,26.84,54.0,145120.0,2016-11-15 13:14:00
2016-11-15 13:15:00,26.84,26.85,26.84,26.84,100.0,271109.0,2016-11-15 13:15:00
2016-11-15 13:16:00,26.84,26.84,26.83,26.83,13.0,34885.0,2016-11-15 13:16:00
2016-11-15 13:17:00,26.84,26.84,26.83,26.83,34.0,91236.0,2016-11-15 13:17:00
2016-11-15 13:18:00,26.84,26.86,26.84,26.86,118.0,317807.0,2016-11-15 13:18:00
2016-11-15 13:19:00,26.86,26.86,26.85,26.86,229.0,614989.0,2016-11-15 13:19:00
2016-11-15 13:20:00,26.86,26.92,26.86,26.91,540.0,1453330.0,2016-11-15 13:20:00
2016-11-15 13:21:00,26.92,26.92,26.91,26.92,106.0,285343.0,2016-11-15 13:21:00
2016-11-15 13:22:00,26.91,26.92,26.91,26.91,88.0,236864.0,2016-11-15 13:22:00
2016-11-15 13:23:00,26.92,26.92,26.91,26.92,63.0,169565.0,2016-11-15 13:23:00
2016-11-15 13:24:00,26.91,26.93,26.91,26.92,73.0,196509.0,2016-11-15 13:24:00
2016-11-15 13:25:00,26.92,26.92,26.9,26.9,195.0,524630.0,2016-11-15 13:25:00
2016-11-15 13:26:00,26.91,26.91,26.85,26.86,386.0,1040557.0,2016-11-15 13:26:00
2016-11-15 13:27:00,26.9,26.9,26.86,26.9,97.0,261608.0,2016-11-15 13:27:00
2016-11-15 13:28:00,26.9,26.91,26.9,26.9,412.0,1108308.0,2016-11-15 13:28:00
2016-11-15 13:29:00,26.91,26.91,26.9,26.91,80.0,215274.0,2016-11-15 13:29:00
2016-11-15 13:30:00,26.91,26.91,26.9,26.9,95.0,255586.0,2016-11-15 13:30:00
2016-11-15 13:31:00,26.91,26.91,26.9,26.9,497.0,1338944.0,2016-11-15 13:31:00
2016-11-15 13:32:00,26.9,26.91,26.86,26.91,112.0,301361.0,2016-11-15 13:32:00
2016-11-15 13:33:00,26.91,26.91,26.86,26.89,20.0,53792.0,2016-11-15 13:33:00
2016-11-15 13:34:00,26.9,26.91,26.87,26.91,141.0,379232.0,2016-11-15 13:34:00
2016-11-15 13:35:00,26.91,26.91,26.9,26.91,221.0,594693.0,2016-11-15 13:35:00
2016-11-15 13:36:00,26.91,26.93,26.9,26.93,333.0,896760.0,2016-11-15 13:36:00
2016-11-15 13:37:00,26.93,26.93,26.88,26.88,944.0,2541229.0,2016-11-15 13:37:00
2016-11-15 13:38:00,26.88,26.9,26.87,26.9,551.0,1482818.0,2016-11-15 13:38:00
2016-11-15 13:39:00,26.9,26.92,26.9,26.92,34.0,91472.0,2016-11-15 13:39:00
2016-11-15 13:40:00,26.92,26.92,26.91,26.92,207.0,557158.0,2016-11-15 13:40:00
2016-11-15 13:41:00,26.91,26.92,26.91,26.91,19.0,51131.0,2016-11-15 13:41:00
2016-11-15 13:42:00,26.91,26.91,26.89,26.89,574.0,1546127.0,2016-11-15 13:42:00
2016-11-15 13:43:00,26.89,26.9,26.87,26.9,525.0,1412232.0,2016-11-15 13:43:00
2016-11-15 13:44:00,26.9,26.92,26.9,26.9,131.0,355802.0,2016-11-15 13:44:00
2016-11-15 13:45:00,26.92,26.92,26.9,26.92,217.0,583932.0,2016-11-15 13:45:00
2016-11-15 13:46:00,26.91,26.91,26.87,26.91,88.0,239399.0,2016-11-15 13:46:00
2016-11-15 13:47:00,26.91,26.92,26.91,26.91,35.0,94188.0,2016-11-15 13:47:00
2016-11-15 13:48:00,26.91,26.91,26.9,26.9,56.0,150666.0,2016-11-15 13:48:00
2016-11-15 13:49:00,26.9,26.9,26.89,26.9,19.0,51094.0,2016-11-15 13:49:00
2016-11-15 13:50:00,26.9,26.9,26.89,26.89,70.0,188289.0,2016-11-15 13:50:00
2016-11-15 13:51:00,26.9,26.9,26.89,26.89,35.0,96122.0,2016-11-15 13:51:00
2016-11-15 13:52:00,26.89,26.89,26.87,26.87,171.0,459641.0,2016-11-15 13:52:00
2016-11-15 13:53:00,26.87,26.89,26.87,26.87,63.0,169296.0,2016-11-15 13:53:00
2016-11-15 13:54:00,26.88,26.9,26.87,26.87,67.0,180130.0,2016-11-15 13:54:00
2016-11-15 13:55:00,26.88,26.9,26.87,26.88,375.0,1010768.0,2016-11-15 13:55:00
2016-11-15 13:56:00,26.88,26.9,26.88,26.88,112.0,301558.0,2016-11-15 13:56:00
2016-11-15 13:57:00,26.9,26.91,26.89,26.91,103.0,280565.0,2016-11-15 13:57:00
2016-11-15 13:58:00,26.92,26.92,26.89,26.89,63.0,169506.0,2016-11-15 13:58:00
2016-11-15 13:59:00,26.91,26.91,26.89,26.9,37.0,99539.0,2016-11-15 13:59:00
2016-11-15 14:00:00,26.9,26.9,26.88,26.88,49.0,133637.0,2016-11-15 14:00:00
2016-11-15 14:01:00,26.89,26.89,26.88,26.88,33.0,88729.0,2016-11-15 14:01:00
2016-11-15 14:02:00,26.89,26.89,26.88,26.89,70.0,188179.0,2016-11-15 14:02:00
2016-11-15 14:03:00,26.89,26.91,26.88,26.91,64.0,172939.0,2016-11-15 14:03:00
2016-11-15 14:04:00,26.89,26.92,26.89,26.92,233.0,627152.0,2016-11-15 14:04:00
2016-11-15 14:05:00,26.92,26.93,26.89,26.9,293.0,788375.0,2016-11-15 14:05:00
2016-11-15 14:06:00,26.92,26.93,26.9,26.93,57.0,153460.0,2016-11-15 14:06:00
2016-11-15 14:07:00,26.94,26.95,26.91,26.91,142.0,382282.0,2016-11-15 14:07:00
2016-11-15 14:08:00,26.95,26.95,26.91,26.94,263.0,708548.0,2016-11-15 14:08:00
2016-11-15 14:09:00,26.94,26.96,26.93,26.96,216.0,583163.0,2016-11-15 14:09:00
2016-11-15 14:10:00,26.96,27.0,26.96,27.0,359.0,968970.0,2016-11-15 14:10:00
2016-11-15 14:11:00,27.01,27.02,26.95,26.95,300.0,809949.0,2016-11-15 14:11:00
2016-11-15 14:12:00,26.97,27.0,26.96,27.0,294.0,793563.0,2016-11-15 14:12:00
2016-11-15 14:13:00,27.0,27.0,26.98,27.0,219.0,595338.0,2016-11-15 14:13:00
2016-11-15 14:14:00,27.0,27.02,26.99,27.02,300.0,812887.0,2016-11-15 14:14:00
2016-11-15 14:15:00,27.02,27.02,27.0,27.0,175.0,474086.0,2016-11-15 14:15:00
2016-11-15 14:16:00,27.02,27.02,26.99,27.0,104.0,280835.0,2016-11-15 14:16:00
2016-11-15 14:17:00,27.01,27.06,27.01,27.04,472.0,1278828.0,2016-11-15 14:17:00
2016-11-15 14:18:00,27.06,27.09,27.06,27.09,338.0,919592.0,2016-11-15 14:18:00
2016-11-15 14:19:00,27.09,27.1,27.03,27.03,474.0,1283195.0,2016-11-15 14:19:00
2016-11-15 14:20:00,27.06,27.1,27.04,27.08,188.0,509262.0,2016-11-15 14:20:00
2016-11-15 14:21:00,27.09,27.1,27.02,27.02,240.0,649412.0,2016-11-15 14:21:00
2016-11-15 14:22:00,27.02,27.05,27.02,27.04,39.0,105456.0,2016-11-15 14:22:00
2016-11-15 14:23:00,27.05,27.05,27.05,27.05,32.0,86560.0,2016-11-15 14:23:00
2016-11-15 14:24:00,27.06,27.06,27.03,27.06,279.0,754481.0,2016-11-15 14:24:00
2016-11-15 14:25:00,27.06,27.06,27.05,27.06,85.0,231664.0,2016-11-15 14:25:00
2016-11-15 14:26:00,27.06,27.06,27.03,27.03,169.0,458148.0,2016-11-15 14:26:00
2016-11-15 14:27:00,27.06,27.06,27.06,27.06,196.0,532053.0,2016-11-15 14:27:00
2016-11-15 14:28:00,27.06,27.07,27.06,27.06,44.0,120094.0,2016-11-15 14:28:00
2016-11-15 14:29:00,27.07,27.08,27.03,27.06,84.0,229062.0,2016-11-15 14:29:00
2016-11-15 14:30:00,27.04,27.06,27.03,27.06,155.0,419217.0,2016-11-15 14:30:00
2016-11-15 14:31:00,27.07,27.08,26.99,26.99,427.0,1153372.0,2016-11-15 14:31:00
2016-11-15 14:32:00,26.99,27.05,26.99,27.05,583.0,1574104.0,2016-11-15 14:32:00
2016-11-15 14:33:00,27.06,27.07,27.06,27.06,45.0,121777.0,2016-11-15 14:33:00
2016-11-15 14:34:00,27.01,27.04,27.01,27.04,10.0,27013.0,2016-11-15 14:34:00
2016-11-15 14:35:00,27.05,27.06,27.04,27.04,87.0,235377.0,2016-11-15 14:35:00
2016-11-15 14:36:00,27.04,27.05,27.0,27.05,267.0,721194.0,2016-11-15 14:36:00
2016-11-15 14:37:00,27.05,27.09,27.05,27.09,350.0,947472.0,2016-11-15 14:37:00
2016-11-15 14:38:00,27.08,27.1,27.08,27.1,167.0,452502.0,2016-11-15 14:38:00
2016-11-15 14:39:00,27.09,27.09,27.0,27.0,1005.0,2716060.0,2016-11-15 14:39:00
2016-11-15 14:40:00,27.0,27.1,27.0,27.0,1424.0,3845873.0,2016-11-15 14:40:00
2016-11-15 14:41:00,27.1,27.11,26.99,27.03,1277.0,3449487.0,2016-11-15 14:41:00
2016-11-15 14:42:00,27.03,27.03,26.99,27.0,701.0,1893477.0,2016-11-15 14:42:00
2016-11-15 14:43:00,26.99,27.0,26.99,27.0,300.0,809988.0,2016-11-15 14:43:00
2016-11-15 14:44:00,26.99,26.99,26.98,26.98,169.0,456039.0,2016-11-15 14:44:00
2016-11-15 14:45:00,26.98,27.0,26.98,27.0,66.0,178090.0,2016-11-15 14:45:00
2016-11-15 14:46:00,26.99,27.0,26.98,27.0,56.0,151162.0,2016-11-15 14:46:00
2016-11-15 14:47:00,26.99,27.0,26.99,26.99,235.0,634452.0,2016-11-15 14:47:00
2016-11-15 14:48:00,26.99,27.03,26.99,27.03,194.0,526621.0,2016-11-15 14:48:00
2016-11-15 14:49:00,27.02,27.03,27.0,27.03,194.0,524258.0,2016-11-15 14:49:00
2016-11-15 14:50:00,27.01,27.03,27.0,27.0,39.0,107018.0,2016-11-15 14:50:00
2016-11-15 14:51:00,27.03,27.03,27.0,27.03,299.0,807870.0,2016-11-15 14:51:00
2016-11-15 14:52:00,27.03,27.03,27.0,27.02,153.0,413374.0,2016-11-15 14:52:00
2016-11-15 14:53:00,27.02,27.03,27.0,27.03,283.0,764692.0,2016-11-15 14:53:00
2016-11-15 14:54:00,27.03,27.05,27.02,27.05,226.0,613695.0,2016-11-15 14:54:00
2016-11-15 14:55:00,27.06,27.09,27.06,27.09,190.0,514578.0,2016-11-15 14:55:00
2016-11-15 14:56:00,27.09,27.1,27.08,27.09,549.0,1487656.0,2016-11-15 14:56:00
2016-11-15 14:57:00,27.1,27.1,27.1,27.1,4.0,10840.0,2016-11-15 14:57:00
2016-11-15 15:00:00,27.1,27.1,27.1,27.1,698.0,1891580.0,2016-11-15 15:00:00
2016-11-16 09:25:00,27.11,27.11,27.11,27.11,21.0,56931.0,2016-11-16 09:25:00
2016-11-16 09:30:00,27.11,27.18,27.11,27.17,205.0,557022.0,2016-11-16 09:30:00
2016-11-16 09:31:00,27.17,27.17,27.11,27.11,89.0,241482.0,2016-11-16 09:31:00
2016-11-16 09:32:00,27.11,27.11,27.02,27.02,28.0,75872.0,2016-11-16 09:32:00
2016-11-16 09:33:00,27.1,27.1,27.1,27.1,2.0,5420.0,2016-11-16 09:33:00
2016-11-16 09:34:00,27.02,27.1,27.02,27.09,76.0,205484.0,2016-11-16 09:34:00
2016-11-16 09:35:00,27.05,27.05,27.04,27.05,23.0,62213.0,2016-11-16 09:35:00
2016-11-16 09:36:00,27.05,27.08,27.05,27.05,109.0,294923.0,2016-11-16 09:36:00
2016-11-16 09:37:00,27.05,27.05,27.03,27.03,235.0,635388.0,2016-11-16 09:37:00
2016-11-16 09:38:00,27.03,27.03,27.0,27.0,245.0,661939.0,2016-11-16 09:38:00
2016-11-16 09:39:00,27.0,27.01,27.0,27.01,239.0,645501.0,2016-11-16 09:39:00
2016-11-16 09:40:00,27.03,27.05,27.02,27.05,78.0,210918.0,2016-11-16 09:40:00
2016-11-16 09:41:00,27.05,27.05,27.03,27.04,53.0,143292.0,2016-11-16 09:41:00
2016-11-16 09:42:00,27.04,27.05,27.03,27.03,37.0,100030.0,2016-11-16 09:42:00
2016-11-16 09:43:00,27.03,27.05,27.02,27.02,31.0,83799.0,2016-11-16 09:43:00
2016-11-16 09:44:00,27.02,27.03,27.02,27.03,47.0,127027.0,2016-11-16 09:44:00
2016-11-16 09:45:00,27.04,27.08,27.01,27.08,568.0,1537163.0,2016-11-16 09:45:00
2016-11-16 09:46:00,27.08,27.09,27.08,27.08,179.0,484738.0,2016-11-16 09:46:00
2016-11-16 09:47:00,27.08,27.09,27.08,27.08,32.0,86664.0,2016-11-16 09:47:00
2016-11-16 09:48:00,27.08,27.09,27.08,27.08,121.0,327688.0,2016-11-16 09:48:00
2016-11-16 09:49:00,27.08,27.09,27.08,27.09,44.0,119186.0,2016-11-16 09:49:00
2016-11-16 09:50:00,27.08,27.09,27.07,27.09,88.0,238331.0,2016-11-16 09:50:00
2016-11-16 09:51:00,27.07,27.09,27.07,27.09,76.0,205874.0,2016-11-16 09:51:00
2016-11-16 09:52:00,27.08,27.08,27.08,27.08,12.0,32496.0,2016-11-16 09:52:00
2016-11-16 09:53:00,27.08,27.1,27.07,27.1,176.0,476791.0,2016-11-16 09:53:00
2016-11-16 09:54:00,27.1,27.13,27.09,27.13,145.0,393091.0,2016-11-16 09:54:00
2016-11-16 09:55:00,27.11,27.11,27.1,27.11,46.0,124686.0,2016-11-16 09:55:00
2016-11-16 09:56:00,27.14,27.14,27.14,27.14,24.0,65136.0,2016-11-16 09:56:00
2016-11-16 09:57:00,27.14,27.2,27.13,27.19,399.0,1084240.0,2016-11-16 09:57:00
2016-11-16 09:58:00,27.2,27.23,27.19,27.21,206.0,560514.0,2016-11-16 09:58:00
2016-11-16 09:59:00,27.21,27.21,27.17,27.17,364.0,989820.0,2016-11-16 09:59:00
2016-11-16 10:00:00,27.19,27.19,27.15,27.15,146.0,396502.0,2016-11-16 10:00:00
2016-11-16 10:01:00,27.15,27.15,27.14,27.14,59.0,160149.0,2016-11-16 10:01:00
2016-11-16 10:02:00,27.13,27.14,27.12,27.14,44.0,119395.0,2016-11-16 10:02:00
2016-11-16 10:03:00,27.14,27.15,27.14,27.15,45.0,122131.0,2016-11-16 10:03:00
2016-11-16 10:04:00,27.14,27.15,27.12,27.14,55.0,149241.0,2016-11-16 10:04:00
2016-11-16 10:05:00,27.14,27.15,27.14,27.15,14.0,38000.0,2016-11-16 10:05:00
2016-11-16 10:06:00,27.15,27.16,27.14,27.15,58.0,157461.0,2016-11-16 10:06:00
2016-11-16 10:07:00,27.15,27.18,27.14,27.14,82.0,222621.0,2016-11-16 10:07:00
2016-11-16 10:08:00,27.16,27.17,27.15,27.17,72.0,195555.0,2016-11-16 10:08:00
2016-11-16 10:09:00,27.17,27.17,27.16,27.17,73.0,198284.0,2016-11-16 10:09:00
2016-11-16 10:10:00,27.17,27.17,27.16,27.16,74.0,201019.0,2016-11-16 10:10:00
2016-11-16 10:11:00,27.15,27.15,27.14,27.14,62.0,168306.0,2016-11-16 10:11:00
2016-11-16 10:12:00,27.13,27.13,27.09,27.1,351.0,951216.0,2016-11-16 10:12:00
2016-11-16 10:13:00,27.09,27.12,27.09,27.12,157.0,425461.0,2016-11-16 10:13:00
2016-11-16 10:14:00,27.12,27.12,27.12,27.12,3.0,8136.0,2016-11-16 10:14:00
2016-11-16 10:15:00,27.13,27.13,27.08,27.1,86.0,233060.0,2016-11-16 10:15:00
2016-11-16 10:16:00,27.1,27.1,27.08,27.08,102.0,276218.0,2016-11-16 10:16:00
2016-11-16 10:17:00,27.08,27.1,27.08,27.1,95.0,257269.0,2016-11-16 10:17:00
2016-11-16 10:18:00,27.13,27.13,27.13,27.13,26.0,70538.0,2016-11-16 10:18:00
2016-11-16 10:19:00,27.1,27.13,27.1,27.11,91.0,246647.0,2016-11-16 10:19:00
2016-11-16 10:20:00,27.11,27.13,27.11,27.13,91.0,246799.0,2016-11-16 10:20:00
2016-11-16 10:21:00,27.13,27.13,27.1,27.1,124.0,336067.0,2016-11-16 10:21:00
2016-11-16 10:22:00,27.1,27.14,27.1,27.14,176.0,477603.0,2016-11-16 10:22:00
2016-11-16 10:23:00,27.13,27.15,27.1,27.15,137.0,371858.0,2016-11-16 10:23:00
2016-11-16 10:24:00,27.15,27.16,27.15,27.16,70.0,190073.0,2016-11-16 10:24:00
2016-11-16 10:25:00,27.16,27.18,27.16,27.17,138.0,375010.0,2016-11-16 10:25:00
2016-11-16 10:26:00,27.16,27.2,27.16,27.16,293.0,796684.0,2016-11-16 10:26:00
2016-11-16 10:27:00,27.2,27.2,27.15,27.19,272.0,739586.0,2016-11-16 10:27:00
2016-11-16 10:28:00,27.19,27.2,27.19,27.2,327.0,889399.0,2016-11-16 10:28:00
2016-11-16 10:29:00,27.19,27.23,27.16,27.16,285.0,775238.0,2016-11-16 10:29:00
2016-11-16 10:30:00,27.19,27.19,27.17,27.17,6.0,16306.0,2016-11-16 10:30:00
2016-11-16 10:31:00,27.19,27.19,27.15,27.15,95.0,258005.0,2016-11-16 10:31:00
2016-11-16 10:32:00,27.15,27.17,27.15,27.17,26.0,70612.0,2016-11-16 10:32:00
2016-11-16 10:33:00,27.18,27.18,27.16,27.16,135.0,366736.0,2016-11-16 10:33:00
2016-11-16 10:34:00,27.18,27.18,27.16,27.16,77.0,209172.0,2016-11-16 10:34:00
2016-11-16 10:35:00,27.18,27.19,27.17,27.19,123.0,334317.0,2016-11-16 10:35:00
2016-11-16 10:36:00,27.19,27.19,27.18,27.18,92.0,250095.0,2016-11-16 10:36:00
2016-11-16 10:37:00,27.19,27.19,27.18,27.18,104.0,282722.0,2016-11-16 10:37:00
2016-11-16 10:38:00,27.19,27.19,27.18,27.18,84.0,228359.0,2016-11-16 10:38:00
2016-11-16 10:39:00,27.17,27.19,27.15,27.15,1088.0,2957506.0,2016-11-16 10:39:00
2016-11-16 10:40:00,27.19,27.2,27.16,27.18,354.0,962731.0,2016-11-16 10:40:00
2016-11-16 10:41:00,27.2,27.25,27.2,27.24,452.0,1230799.0,2016-11-16 10:41:00
2016-11-16 10:42:00,27.25,27.25,27.23,27.23,386.0,1051596.0,2016-11-16 10:42:00
2016-11-16 10:43:00,27.26,27.26,27.24,27.25,295.0,803902.0,2016-11-16 10:43:00
2016-11-16 10:44:00,27.24,27.24,27.24,27.24,30.0,81992.0,2016-11-16 10:44:00
2016-11-16 10:45:00,27.24,27.24,27.23,27.23,135.0,370125.0,2016-11-16 10:45:00
2016-11-16 10:46:00,27.23,27.23,27.21,27.21,328.0,895430.0,2016-11-16 10:46:00
2016-11-16 10:47:00,27.21,27.25,27.21,27.22,274.0,749201.0,2016-11-16 10:47:00
2016-11-16 10:48:00,27.23,27.23,27.23,27.23,12.0,32948.0,2016-11-16 10:48:00
2016-11-16 10:49:00,27.23,27.23,27.2,27.21,99.0,271813.0,2016-11-16 10:49:00
2016-11-16 10:50:00,27.21,27.21,27.2,27.21,17.0,46252.0,2016-11-16 10:50:00
2016-11-16 10:51:00,27.2,27.2,27.17,27.17,145.0,394054.0,2016-11-16 10:51:00
2016-11-16 10:52:00,27.17,27.18,27.17,27.18,89.0,241900.0,2016-11-16 10:52:00
2016-11-16 10:53:00,27.18,27.2,27.18,27.2,43.0,116936.0,2016-11-16 10:53:00
2016-11-16 10:54:00,27.2,27.21,27.2,27.2,152.0,413514.0,2016-11-16 10:54:00
2016-11-16 10:55:00,27.2,27.2,27.2,27.2,39.0,106080.0,2016-11-16 10:55:00
2016-11-16 10:56:00,27.18,27.21,27.18,27.21,39.0,106088.0,2016-11-16 10:56:00
2016-11-16 10:57:00,27.21,27.21,27.21,27.21,8.0,21768.0,2016-11-16 10:57:00
2016-11-16 10:58:00,27.21,27.21,27.2,27.21,39.0,106111.0,2016-11-16 10:58:00
2016-11-16 10:59:00,27.21,27.23,27.21,27.23,94.0,256194.0,2016-11-16 10:59:00
2016-11-16 11:00:00,27.24,27.26,27.23,27.26,151.0,411594.0,2016-11-16 11:00:00
2016-11-16 11:01:00,27.25,27.26,27.25,27.25,35.0,95380.0,2016-11-16 11:01:00
2016-11-16 11:02:00,27.24,27.27,27.24,27.26,230.0,626966.0,2016-11-16 11:02:00
2016-11-16 11:03:00,27.26,27.26,27.23,27.23,157.0,427831.0,2016-11-16 11:03:00
2016-11-16 11:04:00,27.25,27.25,27.24,27.24,154.0,419646.0,2016-11-16 11:04:00
2016-11-16 11:05:00,27.24,27.26,27.23,27.26,203.0,553125.0,2016-11-16 11:05:00
2016-11-16 11:06:00,27.25,27.25,27.22,27.22,10.0,27229.0,2016-11-16 11:06:00
2016-11-16 11:07:00,27.22,27.25,27.22,27.25,106.0,288811.0,2016-11-16 11:07:00
2016-11-16 11:08:00,27.26,27.26,27.25,27.25,48.0,130821.0,2016-11-16 11:08:00
2016-11-16 11:09:00,27.26,27.26,27.23,27.24,298.0,812164.0,2016-11-16 11:09:00
2016-11-16 11:10:00,27.24,27.26,27.23,27.25,171.0,465941.0,2016-11-16 11:10:00
2016-11-16 11:11:00,27.26,27.28,27.26,27.28,270.0,736230.0,2016-11-16 11:11:00
2016-11-16 11:12:00,27.28,27.28,27.27,27.27,228.0,621865.0,2016-11-16 11:12:00
2016-11-16 11:13:00,27.27,27.27,27.2,27.2,294.0,802594.0,2016-11-16 11:13:00
2016-11-16 11:14:00,27.19,27.2,27.19,27.2,520.0,1414360.0,2016-11-16 11:14:00
2016-11-16 11:15:00,27.19,27.2,27.19,27.19,269.0,731521.0,2016-11-16 11:15:00
2016-11-16 11:16:00,27.19,27.19,27.19,27.19,27.0,73413.0,2016-11-16 11:16:00
2016-11-16 11:17:00,27.19,27.2,27.19,27.2,31.0,84313.0,2016-11-16 11:17:00
2016-11-16 11:18:00,27.2,27.2,27.19,27.2,81.0,220310.0,2016-11-16 11:18:00
2016-11-16 11:19:00,27.2,27.2,27.19,27.19,36.0,97902.0,2016-11-16 11:19:00
2016-11-16 11:20:00,27.19,27.2,27.18,27.18,196.0,533021.0,2016-11-16 11:20:00
2016-11-16 11:21:00,27.19,27.19,27.19,27.19,7.0,19033.0,2016-11-16 11:21:00
2016-11-16 11:22:00,27.19,27.19,27.19,27.19,4.0,10876.0,2016-11-16 11:22:00
2016-11-16 11:23:00,27.19,27.2,27.19,27.2,9.0,24475.0,2016-11-16 11:23:00
2016-11-16 11:24:00,27.19,27.2,27.19,27.19,23.0,62540.0,2016-11-16 11:24:00
2016-11-16 11:25:00,27.19,27.19,27.18,27.19,37.0,100583.0,2016-11-16 11:25:00
2016-11-16 11:26:00,27.18,27.19,27.18,27.19,15.0,40780.0,2016-11-16 11:26:00
2016-11-16 11:27:00,27.19,27.19,27.18,27.19,43.0,116907.0,2016-11-16 11:27:00
2016-11-16 11:28:00,27.18,27.19,27.18,27.19,18.0,48932.0,2016-11-16 11:28:00
2016-11-16 11:29:00,27.19,27.2,27.18,27.2,580.0,1577798.0,2016-11-16 11:29:00
2016-11-16 11:30:00,27.2,27.2,27.2,27.2,0.0,0.0,2016-11-16 11:30:00
2016-11-16 13:00:00,27.2,27.25,27.2,27.22,73.0,198815.0,2016-11-16 13:00:00
2016-11-16 13:01:00,27.22,27.22,27.21,27.21,46.0,125178.0,2016-11-16 13:01:00
2016-11-16 13:02:00,27.22,27.22,27.22,27.22,37.0,100714.0,2016-11-16 13:02:00
2016-11-16 13:03:00,27.22,27.22,27.2,27.2,229.0,623240.0,2016-11-16 13:03:00
2016-11-16 13:04:00,27.2,27.21,27.2,27.21,15.0,40814.0,2016-11-16 13:04:00
2016-11-16 13:05:00,27.22,27.22,27.2,27.2,200.0,544175.0,2016-11-16 13:05:00
2016-11-16 13:06:00,27.2,27.2,27.2,27.2,122.0,334288.0,2016-11-16 13:06:00
2016-11-16 13:07:00,27.19,27.19,27.18,27.19,24.0,65243.0,2016-11-16 13:07:00
2016-11-16 13:08:00,27.17,27.17,27.16,27.17,349.0,948134.0,2016-11-16 13:08:00
2016-11-16 13:09:00,27.16,27.19,27.16,27.19,66.0,179361.0,2016-11-16 13:09:00
2016-11-16 13:10:00,27.19,27.19,27.19,27.19,13.0,35347.0,2016-11-16 13:10:00
2016-11-16 13:11:00,27.19,27.2,27.16,27.16,24.0,65231.0,2016-11-16 13:11:00
2016-11-16 13:12:00,27.16,27.16,27.15,27.15,237.0,643662.0,2016-11-16 13:12:00
2016-11-16 13:13:00,27.16,27.19,27.16,27.19,89.0,241727.0,2016-11-16 13:13:00
2016-11-16 13:14:00,27.19,27.19,27.15,27.15,102.0,277059.0,2016-11-16 13:14:00
2016-11-16 13:15:00,27.16,27.19,27.16,27.19,113.0,307226.0,2016-11-16 13:15:00
2016-11-16 13:16:00,27.19,27.19,27.19,27.19,26.0,70694.0,2016-11-16 13:16:00
2016-11-16 13:17:00,27.19,27.19,27.19,27.19,5.0,13595.0,2016-11-16 13:17:00
2016-11-16 13:18:00,27.16,27.19,27.16,27.16,25.0,67948.0,2016-11-16 13:18:00
2016-11-16 13:19:00,27.16,27.16,27.16,27.16,5.0,13580.0,2016-11-16 13:19:00
2016-11-16 13:20:00,27.18,27.18,27.16,27.16,15.0,40760.0,2016-11-16 13:20:00
2016-11-16 13:21:00,27.18,27.18,27.16,27.16,70.0,190168.0,2016-11-16 13:21:00
2016-11-16 13:22:00,27.16,27.17,27.16,27.16,33.0,89641.0,2016-11-16 13:22:00
2016-11-16 13:23:00,27.18,27.18,27.16,27.16,8.0,21740.0,2016-11-16 13:23:00
2016-11-16 13:24:00,27.18,27.18,27.16,27.16,64.0,173842.0,2016-11-16 13:24:00
2016-11-16 13:25:00,27.16,27.18,27.15,27.15,41.0,111357.0,2016-11-16 13:25:00
2016-11-16 13:26:00,27.18,27.18,27.15,27.15,257.0,698217.0,2016-11-16 13:26:00
2016-11-16 13:27:00,27.15,27.18,27.14,27.14,455.0,1235267.0,2016-11-16 13:27:00
2016-11-16 13:28:00,27.18,27.18,27.14,27.14,257.0,698378.0,2016-11-16 13:28:00
2016-11-16 13:29:00,27.14,27.18,27.14,27.18,208.0,565208.0,2016-11-16 13:29:00
2016-11-16 13:30:00,27.15,27.15,27.14,27.14,30.0,81423.0,2016-11-16 13:30:00
2016-11-16 13:31:00,27.17,27.19,27.17,27.17,224.0,608935.0,2016-11-16 13:31:00
2016-11-16 13:32:00,27.19,27.19,27.14,27.19,125.0,339821.0,2016-11-16 13:32:00
2016-11-16 13:33:00,27.14,27.19,27.14,27.19,105.0,285260.0,2016-11-16 13:33:00
2016-11-16 13:34:00,27.19,27.2,27.13,27.2,126.0,342429.0,2016-11-16 13:34:00
2016-11-16 13:35:00,27.14,27.2,27.14,27.19,72.0,195699.0,2016-11-16 13:35:00
2016-11-16 13:36:00,27.19,27.19,27.13,27.13,346.0,940608.0,2016-11-16 13:36:00
2016-11-16 13:37:00,27.15,27.19,27.14,27.19,312.0,848030.0,2016-11-16 13:37:00
2016-11-16 13:38:00,27.18,27.18,27.14,27.15,87.0,236342.0,2016-11-16 13:38:00
2016-11-16 13:39:00,27.18,27.2,27.18,27.2,382.0,1038963.0,2016-11-16 13:39:00
2016-11-16 13:40:00,27.19,27.2,27.19,27.2,414.0,1126055.0,2016-11-16 13:40:00
2016-11-16 13:41:00,27.2,27.22,27.2,27.22,325.0,884412.0,2016-11-16 13:41:00
2016-11-16 13:42:00,27.2,27.22,27.2,27.22,222.0,604231.0,2016-11-16 13:42:00
2016-11-16 13:43:00,27.22,27.22,27.21,27.21,162.0,440885.0,2016-11-16 13:43:00
2016-11-16 13:44:00,27.22,27.22,27.19,27.19,206.0,562908.0,2016-11-16 13:44:00
2016-11-16 13:45:00,27.22,27.22,27.12,27.12,168.0,456617.0,2016-11-16 13:45:00
2016-11-16 13:46:00,27.21,27.21,27.12,27.21,125.0,339460.0,2016-11-16 13:46:00
2016-11-16 13:47:00,27.12,27.2,27.12,27.2,78.0,212068.0,2016-11-16 13:47:00
2016-11-16 13:48:00,27.14,27.2,27.14,27.14,7.0,19010.0,2016-11-16 13:48:00
2016-11-16 13:49:00,27.14,27.2,27.14,27.14,43.0,116708.0,2016-11-16 13:49:00
2016-11-16 13:50:00,27.14,27.14,27.14,27.14,20.0,54280.0,2016-11-16 13:50:00
2016-11-16 13:51:00,27.13,27.14,27.13,27.14,88.0,238806.0,2016-11-16 13:51:00
2016-11-16 13:52:00,27.13,27.13,27.13,27.13,76.0,206188.0,2016-11-16 13:52:00
2016-11-16 13:53:00,27.13,27.15,27.12,27.13,82.0,222428.0,2016-11-16 13:53:00
2016-11-16 13:54:00,27.13,27.13,27.1,27.1,357.0,968149.0,2016-11-16 13:54:00
2016-11-16 13:55:00,27.1,27.12,27.1,27.12,20.0,54228.0,2016-11-16 13:55:00
2016-11-16 13:56:00,27.11,27.12,27.11,27.12,24.0,65075.0,2016-11-16 13:56:00
2016-11-16 13:57:00,27.11,27.15,27.11,27.15,19.0,51541.0,2016-11-16 13:57:00
2016-11-16 13:58:00,27.12,27.14,27.12,27.14,17.0,46106.0,2016-11-16 13:58:00
2016-11-16 13:59:00,27.13,27.13,27.12,27.13,41.0,111226.0,2016-11-16 13:59:00
2016-11-16 14:00:00,27.13,27.13,27.12,27.12,9.0,26911.0,2016-11-16 14:00:00
2016-11-16 14:01:00,27.12,27.12,27.07,27.07,613.0,1660788.0,2016-11-16 14:01:00
2016-11-16 14:02:00,27.07,27.08,27.07,27.08,22.0,59571.0,2016-11-16 14:02:00
2016-11-16 14:03:00,27.08,27.1,27.06,27.1,87.0,235632.0,2016-11-16 14:03:00
2016-11-16 14:04:00,27.07,27.08,27.06,27.07,70.0,191979.0,2016-11-16 14:04:00
2016-11-16 14:05:00,27.07,27.07,27.06,27.06,69.0,186960.0,2016-11-16 14:05:00
2016-11-16 14:06:00,27.06,27.09,27.06,27.08,131.0,357211.0,2016-11-16 14:06:00
2016-11-16 14:07:00,27.07,27.07,27.06,27.06,92.0,248994.0,2016-11-16 14:07:00
2016-11-16 14:08:00,27.07,27.09,27.07,27.09,23.0,62263.0,2016-11-16 14:08:00
2016-11-16 14:09:00,27.09,27.09,27.09,27.09,56.0,151704.0,2016-11-16 14:09:00
2016-11-16 14:10:00,27.09,27.1,27.09,27.1,65.0,176143.0,2016-11-16 14:10:00
2016-11-16 14:11:00,27.09,27.1,27.09,27.1,106.0,287155.0,2016-11-16 14:11:00
2016-11-16 14:12:00,27.1,27.1,27.08,27.1,63.0,170623.0,2016-11-16 14:12:00
2016-11-16 14:13:00,27.09,27.09,27.08,27.08,47.0,127298.0,2016-11-16 14:13:00
2016-11-16 14:14:00,27.08,27.12,27.08,27.12,142.0,384802.0,2016-11-16 14:14:00
2016-11-16 14:15:00,27.11,27.11,27.11,27.11,15.0,40665.0,2016-11-16 14:15:00
2016-11-16 14:16:00,27.11,27.18,27.11,27.18,219.0,594303.0,2016-11-16 14:16:00
2016-11-16 14:17:00,27.17,27.17,27.13,27.17,100.0,271552.0,2016-11-16 14:17:00
2016-11-16 14:18:00,27.14,27.17,27.13,27.13,45.0,122149.0,2016-11-16 14:18:00
2016-11-16 14:19:00,27.14,27.14,27.14,27.14,27.0,73278.0,2016-11-16 14:19:00
2016-11-16 14:20:00,27.14,27.14,27.11,27.11,80.0,216935.0,2016-11-16 14:20:00
2016-11-16 14:21:00,27.11,27.11,27.1,27.1,83.0,225010.0,2016-11-16 14:21:00
2016-11-16 14:22:00,27.11,27.11,27.1,27.1,47.0,127407.0,2016-11-16 14:22:00
2016-11-16 14:23:00,27.11,27.12,27.1,27.1,49.0,132828.0,2016-11-16 14:23:00
2016-11-16 14:24:00,27.1,27.1,27.09,27.09,128.0,346788.0,2016-11-16 14:24:00
2016-11-16 14:25:00,27.09,27.09,27.09,27.09,69.0,186921.0,2016-11-16 14:25:00
2016-11-16 14:26:00,27.09,27.1,27.09,27.1,100.0,270901.0,2016-11-16 14:26:00
2016-11-16 14:27:00,27.09,27.11,27.09,27.11,113.0,306220.0,2016-11-16 14:27:00
2016-11-16 14:28:00,27.12,27.12,27.1,27.11,242.0,656162.0,2016-11-16 14:28:00
2016-11-16 14:29:00,27.11,27.11,27.08,27.09,140.0,380057.0,2016-11-16 14:29:00
2016-11-16 14:30:00,27.09,27.1,27.09,27.1,48.0,130071.0,2016-11-16 14:30:00
2016-11-16 14:31:00,27.1,27.11,27.1,27.11,42.0,113840.0,2016-11-16 14:31:00
2016-11-16 14:32:00,27.11,27.11,27.1,27.11,154.0,417425.0,2016-11-16 14:32:00
2016-11-16 14:33:00,27.11,27.16,27.1,27.1,873.0,2370687.0,2016-11-16 14:33:00
2016-11-16 14:34:00,27.11,27.16,27.11,27.16,81.0,219991.0,2016-11-16 14:34:00
2016-11-16 14:35:00,27.11,27.16,27.11,27.15,139.0,377358.0,2016-11-16 14:35:00
2016-11-16 14:36:00,27.13,27.13,27.13,27.13,59.0,160067.0,2016-11-16 14:36:00
2016-11-16 14:37:00,27.13,27.15,27.13,27.13,42.0,114012.0,2016-11-16 14:37:00
2016-11-16 14:38:00,27.14,27.14,27.13,27.13,110.0,301403.0,2016-11-16 14:38:00
2016-11-16 14:39:00,27.13,27.13,27.11,27.11,106.0,289930.0,2016-11-16 14:39:00
2016-11-16 14:40:00,27.11,27.11,27.1,27.11,123.0,336433.0,2016-11-16 14:40:00
2016-11-16 14:41:00,27.1,27.11,27.1,27.11,80.0,217033.0,2016-11-16 14:41:00
2016-11-16 14:42:00,27.11,27.11,27.1,27.11,24.0,65196.0,2016-11-16 14:42:00
2016-11-16 14:43:00,27.11,27.11,27.1,27.11,26.0,70782.0,2016-11-16 14:43:00
2016-11-16 14:44:00,27.11,27.12,27.11,27.11,89.0,242947.0,2016-11-16 14:44:00
2016-11-16 14:45:00,27.12,27.12,27.1,27.11,277.0,756559.0,2016-11-16 14:45:00
2016-11-16 14:46:00,27.11,27.11,27.1,27.1,142.0,387187.0,2016-11-16 14:46:00
2016-11-16 14:47:00,27.1,27.1,27.09,27.1,272.0,740334.0,2016-11-16 14:47:00
2016-11-16 14:48:00,27.09,27.1,27.07,27.07,371.0,1008957.0,2016-11-16 14:48:00
2016-11-16 14:49:00,27.07,27.07,27.0,27.0,895.0,2427963.0,2016-11-16 14:49:00
2016-11-16 14:50:00,27.03,27.03,27.0,27.01,139.0,378832.0,2016-11-16 14:50:00
2016-11-16 14:51:00,27.01,27.03,27.01,27.03,142.0,385794.0,2016-11-16 14:51:00
2016-11-16 14:52:00,27.02,27.1,27.02,27.1,359.0,978737.0,2016-11-16 14:52:00
2016-11-16 14:53:00,27.1,27.11,27.1,27.11,650.0,1768030.0,2016-11-16 14:53:00
2016-11-16 14:54:00,27.04,27.1,27.04,27.05,105.0,288060.0,2016-11-16 14:54:00
2016-11-16 14:55:00,27.1,27.1,27.04,27.04,205.0,556083.0,2016-11-16 14:55:00
2016-11-16 14:56:00,27.04,27.05,27.0,27.0,338.0,918858.0,2016-11-16 14:56:00
2016-11-16 14:57:00,27.0,27.0,27.0,27.0,17.0,45900.0,2016-11-16 14:57:00
2016-11-16 15:00:00,27.0,27.0,27.0,27.0,693.0,1871100.0,2016-11-16 15:00:00
2016-11-17 09:25:00,27.01,27.01,27.01,27.01,158.0,426758.0,2016-11-17 09:25:00
2016-11-17 09:30:00,27.01,27.01,26.9,26.91,60.0,161642.0,2016-11-17 09:30:00
2016-11-17 09:31:00,26.91,27.0,26.91,26.92,137.0,368822.0,2016-11-17 09:31:00
2016-11-17 09:32:00,27.0,27.0,26.9,26.9,170.0,459494.0,2016-11-17 09:32:00
2016-11-17 09:33:00,26.92,26.92,26.92,26.92,19.0,51148.0,2016-11-17 09:33:00
2016-11-17 09:34:00,26.92,26.95,26.91,26.91,180.0,484517.0,2016-11-17 09:34:00
2016-11-17 09:35:00,26.91,26.91,26.88,26.88,228.0,615797.0,2016-11-17 09:35:00
2016-11-17 09:36:00,26.88,26.88,26.87,26.88,149.0,400456.0,2016-11-17 09:36:00
2016-11-17 09:37:00,26.88,26.88,26.85,26.87,112.0,304098.0,2016-11-17 09:37:00
2016-11-17 09:38:00,26.87,26.88,26.85,26.87,212.0,570073.0,2016-11-17 09:38:00
2016-11-17 09:39:00,26.87,26.88,26.84,26.84,261.0,706796.0,2016-11-17 09:39:00
2016-11-17 09:40:00,26.82,26.82,26.78,26.78,691.0,1855874.0,2016-11-17 09:40:00
2016-11-17 09:41:00,26.8,26.8,26.76,26.78,607.0,1627806.0,2016-11-17 09:41:00
2016-11-17 09:42:00,26.76,26.81,26.74,26.8,532.0,1426338.0,2016-11-17 09:42:00
2016-11-17 09:43:00,26.8,26.81,26.75,26.75,493.0,1322614.0,2016-11-17 09:43:00
2016-11-17 09:44:00,26.75,26.78,26.75,26.78,427.0,1143340.0,2016-11-17 09:44:00
2016-11-17 09:45:00,26.77,26.78,26.73,26.75,541.0,1450093.0,2016-11-17 09:45:00
2016-11-17 09:46:00,26.78,26.78,26.75,26.78,143.0,384991.0,2016-11-17 09:46:00
2016-11-17 09:47:00,26.78,26.8,26.76,26.79,198.0,534374.0,2016-11-17 09:47:00
2016-11-17 09:48:00,26.78,26.78,26.76,26.77,136.0,367306.0,2016-11-17 09:48:00
2016-11-17 09:49:00,26.76,26.76,26.75,26.75,748.0,2005350.0,2016-11-17 09:49:00
2016-11-17 09:50:00,26.75,26.75,26.73,26.74,131.0,353556.0,2016-11-17 09:50:00
2016-11-17 09:51:00,26.75,26.75,26.74,26.75,214.0,577865.0,2016-11-17 09:51:00
2016-11-17 09:52:00,26.76,26.77,26.73,26.77,830.0,2220642.0,2016-11-17 09:52:00
2016-11-17 09:53:00,26.73,26.77,26.73,26.74,978.0,2616204.0,2016-11-17 09:53:00
2016-11-17 09:54:00,26.74,26.78,26.74,26.75,50.0,134330.0,2016-11-17 09:54:00
2016-11-17 09:55:00,26.75,26.8,26.75,26.78,196.0,525704.0,2016-11-17 09:55:00
2016-11-17 09:56:00,26.76,26.78,26.76,26.77,156.0,418262.0,2016-11-17 09:56:00
2016-11-17 09:57:00,26.78,26.78,26.76,26.77,155.0,414834.0,2016-11-17 09:57:00
2016-11-17 09:58:00,26.75,26.77,26.73,26.75,827.0,2211254.0,2016-11-17 09:58:00
2016-11-17 09:59:00,26.73,26.74,26.72,26.74,919.0,2455801.0,2016-11-17 09:59:00
2016-11-17 10:00:00,26.73,26.73,26.65,26.65,1070.0,2857351.0,2016-11-17 10:00:00
2016-11-17 10:01:00,26.65,26.69,26.65,26.66,368.0,981022.0,2016-11-17 10:01:00
2016-11-17 10:02:00,26.65,26.69,26.65,26.67,163.0,434696.0,2016-11-17 10:02:00
2016-11-17 10:03:00,26.68,26.7,26.67,26.7,183.0,488357.0,2016-11-17 10:03:00
2016-11-17 10:04:00,26.7,26.7,26.69,26.7,115.0,307017.0,2016-11-17 10:04:00
2016-11-17 10:05:00,26.72,26.72,26.69,26.69,179.0,477930.0,2016-11-17 10:05:00
2016-11-17 10:06:00,26.69,26.7,26.69,26.7,152.0,405780.0,2016-11-17 10:06:00
2016-11-17 10:07:00,26.7,26.71,26.68,26.68,284.0,757999.0,2016-11-17 10:07:00
2016-11-17 10:08:00,26.7,26.7,26.68,26.68,449.0,1198603.0,2016-11-17 10:08:00
2016-11-17 10:09:00,26.68,26.74,26.67,26.69,315.0,842951.0,2016-11-17 10:09:00
2016-11-17 10:10:00,26.69,26.74,26.69,26.7,105.0,282171.0,2016-11-17 10:10:00
2016-11-17 10:11:00,26.69,26.74,26.69,26.69,145.0,389858.0,2016-11-17 10:11:00
2016-11-17 10:12:00,26.74,26.78,26.69,26.7,535.0,1431569.0,2016-11-17 10:12:00
2016-11-17 10:13:00,26.71,26.78,26.71,26.78,60.0,162328.0,2016-11-17 10:13:00
2016-11-17 10:14:00,26.75,26.81,26.72,26.8,154.0,416133.0,2016-11-17 10:14:00
2016-11-17 10:15:00,26.8,26.81,26.73,26.8,108.0,293156.0,2016-11-17 10:15:00
2016-11-17 10:16:00,26.74,26.77,26.74,26.74,32.0,87370.0,2016-11-17 10:16:00
2016-11-17 10:17:00,26.74,26.77,26.73,26.75,25.0,68612.0,2016-11-17 10:17:00
2016-11-17 10:18:00,26.73,26.75,26.73,26.75,92.0,247783.0,2016-11-17 10:18:00
2016-11-17 10:19:00,26.74,26.76,26.73,26.73,230.0,614902.0,2016-11-17 10:19:00
2016-11-17 10:20:00,26.73,26.74,26.7,26.7,530.0,1415203.0,2016-11-17 10:20:00
2016-11-17 10:21:00,26.73,26.76,26.73,26.76,66.0,176549.0,2016-11-17 10:21:00
2016-11-17 10:22:00,26.75,26.75,26.71,26.75,76.0,205297.0,2016-11-17 10:22:00
2016-11-17 10:23:00,26.75,26.76,26.72,26.72,57.0,155138.0,2016-11-17 10:23:00
2016-11-17 10:24:00,26.72,26.75,26.72,26.72,127.0,341380.0,2016-11-17 10:24:00
2016-11-17 10:25:00,26.72,26.76,26.71,26.75,482.0,1295213.0,2016-11-17 10:25:00
2016-11-17 10:26:00,26.76,26.79,26.71,26.72,302.0,810897.0,2016-11-17 10:26:00
2016-11-17 10:27:00,26.73,26.75,26.71,26.72,95.0,253992.0,2016-11-17 10:27:00
2016-11-17 10:28:00,26.72,26.78,26.72,26.75,182.0,489889.0,2016-11-17 10:28:00
2016-11-17 10:29:00,26.75,26.78,26.75,26.75,141.0,380979.0,2016-11-17 10:29:00
2016-11-17 10:30:00,26.75,26.78,26.75,26.78,27.0,74239.0,2016-11-17 10:30:00
2016-11-17 10:31:00,26.75,26.77,26.75,26.77,133.0,358536.0,2016-11-17 10:31:00
2016-11-17 10:32:00,26.77,26.78,26.72,26.72,242.0,650068.0,2016-11-17 10:32:00
2016-11-17 10:33:00,26.72,26.75,26.69,26.7,612.0,1638218.0,2016-11-17 10:33:00
2016-11-17 10:34:00,26.7,26.71,26.7,26.71,389.0,1038635.0,2016-11-17 10:34:00
2016-11-17 10:35:00,26.71,26.72,26.7,26.72,281.0,750292.0,2016-11-17 10:35:00
2016-11-17 10:36:00,26.72,26.75,26.7,26.75,626.0,1671480.0,2016-11-17 10:36:00
2016-11-17 10:37:00,26.7,26.78,26.7,26.78,513.0,1372265.0,2016-11-17 10:37:00
2016-11-17 10:38:00,26.75,26.75,26.75,26.75,37.0,98975.0,2016-11-17 10:38:00
2016-11-17 10:39:00,26.75,26.78,26.72,26.72,100.0,267428.0,2016-11-17 10:39:00
2016-11-17 10:40:00,26.72,26.72,26.72,26.72,15.0,40080.0,2016-11-17 10:40:00
2016-11-17 10:41:00,26.7,26.75,26.7,26.7,1011.0,2701720.0,2016-11-17 10:41:00
2016-11-17 10:42:00,26.7,26.75,26.7,26.71,14.0,37395.0,2016-11-17 10:42:00
2016-11-17 10:43:00,26.71,26.75,26.71,26.71,23.0,63364.0,2016-11-17 10:43:00
2016-11-17 10:44:00,26.71,26.72,26.71,26.72,24.0,66039.0,2016-11-17 10:44:00
2016-11-17 10:45:00,26.72,26.81,26.72,26.8,269.0,722693.0,2016-11-17 10:45:00
2016-11-17 10:46:00,26.81,26.81,26.75,26.76,65.0,174100.0,2016-11-17 10:46:00
2016-11-17 10:47:00,26.8,26.8,26.75,26.75,249.0,668747.0,2016-11-17 10:47:00
2016-11-17 10:48:00,26.76,26.76,26.75,26.76,24.0,66115.0,2016-11-17 10:48:00
2016-11-17 10:49:00,26.76,26.76,26.76,26.76,23.0,63447.0,2016-11-17 10:49:00
2016-11-17 10:50:00,26.8,26.8,26.76,26.8,95.0,258882.0,2016-11-17 10:50:00
2016-11-17 10:51:00,26.78,26.78,26.78,26.78,25.0,68824.0,2016-11-17 10:51:00
2016-11-17 10:52:00,26.79,26.79,26.74,26.74,116.0,313463.0,2016-11-17 10:52:00
2016-11-17 10:53:00,26.74,26.78,26.74,26.78,27.0,72262.0,2016-11-17 10:53:00
2016-11-17 10:54:00,26.74,26.76,26.74,26.74,58.0,156541.0,2016-11-17 10:54:00
2016-11-17 10:55:00,26.8,26.8,26.74,26.76,300.0,803944.0,2016-11-17 10:55:00
2016-11-17 10:56:00,26.8,26.8,26.76,26.77,242.0,648454.0,2016-11-17 10:56:00
2016-11-17 10:57:00,26.77,26.8,26.76,26.76,167.0,447491.0,2016-11-17 10:57:00
2016-11-17 10:58:00,26.76,26.8,26.76,26.77,119.0,318779.0,2016-11-17 10:58:00
2016-11-17 10:59:00,26.8,26.81,26.77,26.77,69.0,184949.0,2016-11-17 10:59:00
2016-11-17 11:00:00,26.8,26.8,26.77,26.77,249.0,667064.0,2016-11-17 11:00:00
2016-11-17 11:01:00,26.79,26.8,26.77,26.77,383.0,1026403.0,2016-11-17 11:01:00
2016-11-17 11:02:00,26.8,26.8,26.77,26.8,267.0,715479.0,2016-11-17 11:02:00
2016-11-17 11:03:00,26.77,26.8,26.77,26.78,170.0,455290.0,2016-11-17 11:03:00
2016-11-17 11:04:00,26.8,26.8,26.76,26.76,274.0,733810.0,2016-11-17 11:04:00
2016-11-17 11:05:00,26.76,26.8,26.76,26.76,92.0,246293.0,2016-11-17 11:05:00
2016-11-17 11:06:00,26.76,26.8,26.76,26.76,67.0,179492.0,2016-11-17 11:06:00
2016-11-17 11:07:00,26.76,26.81,26.74,26.74,305.0,817906.0,2016-11-17 11:07:00
2016-11-17 11:08:00,26.73,26.74,26.69,26.69,795.0,2122608.0,2016-11-17 11:08:00
2016-11-17 11:09:00,26.7,26.7,26.69,26.69,84.0,224214.0,2016-11-17 11:09:00
2016-11-17 11:10:00,26.7,26.7,26.69,26.69,63.0,168178.0,2016-11-17 11:10:00
2016-11-17 11:11:00,26.7,26.7,26.69,26.69,55.0,146842.0,2016-11-17 11:11:00
2016-11-17 11:12:00,26.7,26.74,26.69,26.69,25.0,69305.0,2016-11-17 11:12:00
2016-11-17 11:13:00,26.69,26.7,26.69,26.69,25.0,66731.0,2016-11-17 11:13:00
2016-11-17 11:14:00,26.7,26.7,26.69,26.7,20.0,53388.0,2016-11-17 11:14:00
2016-11-17 11:15:00,26.71,26.73,26.71,26.73,51.0,136233.0,2016-11-17 11:15:00
2016-11-17 11:16:00,26.73,26.73,26.71,26.71,65.0,173657.0,2016-11-17 11:16:00
2016-11-17 11:17:00,26.71,26.73,26.7,26.7,163.0,435276.0,2016-11-17 11:17:00
2016-11-17 11:18:00,26.7,26.7,26.69,26.69,96.0,256318.0,2016-11-17 11:18:00
2016-11-17 11:19:00,26.69,26.7,26.68,26.68,291.0,777503.0,2016-11-17 11:19:00
2016-11-17 11:20:00,26.69,26.69,26.68,26.68,240.0,643067.0,2016-11-17 11:20:00
2016-11-17 11:21:00,26.69,26.69,26.68,26.68,38.0,101414.0,2016-11-17 11:21:00
2016-11-17 11:22:00,26.69,26.7,26.68,26.7,77.0,207319.0,2016-11-17 11:22:00
2016-11-17 11:23:00,26.7,26.7,26.69,26.69,42.0,112135.0,2016-11-17 11:23:00
2016-11-17 11:24:00,26.7,26.72,26.68,26.69,145.0,387854.0,2016-11-17 11:24:00
2016-11-17 11:25:00,26.69,26.72,26.68,26.69,113.0,303370.0,2016-11-17 11:25:00
2016-11-17 11:26:00,26.7,26.72,26.7,26.72,69.0,184256.0,2016-11-17 11:26:00
2016-11-17 11:27:00,26.7,26.72,26.7,26.72,28.0,74802.0,2016-11-17 11:27:00
2016-11-17 11:28:00,26.72,26.73,26.72,26.72,19.0,50778.0,2016-11-17 11:28:00
2016-11-17 11:29:00,26.72,26.74,26.71,26.71,42.0,112247.0,2016-11-17 11:29:00
2016-11-17 11:30:00,26.71,26.71,26.71,26.71,2.0,5342.0,2016-11-17 11:30:00
2016-11-17 13:00:00,26.71,26.74,26.71,26.71,40.0,106898.0,2016-11-17 13:00:00
2016-11-17 13:01:00,26.71,26.74,26.71,26.73,12.0,32077.0,2016-11-17 13:01:00
2016-11-17 13:02:00,26.72,26.74,26.72,26.74,20.0,53457.0,2016-11-17 13:02:00
2016-11-17 13:03:00,26.73,26.74,26.73,26.74,2.0,5347.0,2016-11-17 13:03:00
2016-11-17 13:04:00,26.73,26.74,26.73,26.74,13.0,34750.0,2016-11-17 13:04:00
2016-11-17 13:05:00,26.74,26.74,26.74,26.74,4.0,10696.0,2016-11-17 13:05:00
2016-11-17 13:06:00,26.73,26.74,26.73,26.73,10.0,26731.0,2016-11-17 13:06:00
2016-11-17 13:07:00,26.73,26.74,26.73,26.74,49.0,131017.0,2016-11-17 13:07:00
2016-11-17 13:08:00,26.73,26.74,26.73,26.74,41.0,109604.0,2016-11-17 13:08:00
2016-11-17 13:09:00,26.73,26.74,26.73,26.74,26.0,69499.0,2016-11-17 13:09:00
2016-11-17 13:10:00,26.74,26.74,26.74,26.74,3.0,8021.0,2016-11-17 13:10:00
2016-11-17 13:11:00,26.74,26.74,26.73,26.73,11.0,29408.0,2016-11-17 13:11:00
2016-11-17 13:12:00,26.74,26.74,26.73,26.73,12.0,32080.0,2016-11-17 13:12:00
2016-11-17 13:13:00,26.74,26.74,26.73,26.74,22.0,58820.0,2016-11-17 13:13:00
2016-11-17 13:14:00,26.74,26.74,26.73,26.74,39.0,104256.0,2016-11-17 13:14:00
2016-11-17 13:15:00,26.73,26.74,26.73,26.73,29.0,77529.0,2016-11-17 13:15:00
2016-11-17 13:16:00,26.73,26.74,26.73,26.73,28.0,74849.0,2016-11-17 13:16:00
2016-11-17 13:17:00,26.73,26.74,26.73,26.73,17.0,45442.0,2016-11-17 13:17:00
2016-11-17 13:18:00,26.73,26.74,26.73,26.73,24.0,64168.0,2016-11-17 13:18:00
2016-11-17 13:19:00,26.73,26.73,26.72,26.72,33.0,88198.0,2016-11-17 13:19:00
2016-11-17 13:20:00,26.72,26.73,26.71,26.71,217.0,579689.0,2016-11-17 13:20:00
2016-11-17 13:21:00,26.71,26.72,26.71,26.71,41.0,109521.0,2016-11-17 13:21:00
2016-11-17 13:22:00,26.71,26.72,26.71,26.72,61.0,164585.0,2016-11-17 13:22:00
2016-11-17 13:23:00,26.72,26.73,26.7,26.7,259.0,691565.0,2016-11-17 13:23:00
2016-11-17 13:24:00,26.73,26.73,26.7,26.71,259.0,691742.0,2016-11-17 13:24:00
2016-11-17 13:25:00,26.72,26.73,26.71,26.72,311.0,830689.0,2016-11-17 13:25:00
2016-11-17 13:26:00,26.72,26.73,26.72,26.72,14.0,37409.0,2016-11-17 13:26:00
2016-11-17 13:27:00,26.72,26.73,26.72,26.73,30.0,80181.0,2016-11-17 13:27:00
2016-11-17 13:28:00,26.73,26.74,26.73,26.73,53.0,141700.0,2016-11-17 13:28:00
2016-11-17 13:29:00,26.73,26.74,26.73,26.74,18.0,48125.0,2016-11-17 13:29:00
2016-11-17 13:30:00,26.73,26.74,26.73,26.74,182.0,487328.0,2016-11-17 13:30:00
2016-11-17 13:31:00,26.74,26.77,26.74,26.77,448.0,1198401.0,2016-11-17 13:31:00
2016-11-17 13:32:00,26.75,26.77,26.75,26.77,12.0,32110.0,2016-11-17 13:32:00
2016-11-17 13:33:00,26.78,26.78,26.77,26.78,30.0,80327.0,2016-11-17 13:33:00
2016-11-17 13:34:00,26.78,26.81,26.77,26.78,301.0,806189.0,2016-11-17 13:34:00
2016-11-17 13:35:00,26.78,26.79,26.78,26.78,8.0,21425.0,2016-11-17 13:35:00
2016-11-17 13:36:00,26.81,26.82,26.78,26.81,125.0,335120.0,2016-11-17 13:36:00
2016-11-17 13:37:00,26.81,26.82,26.81,26.82,17.0,45585.0,2016-11-17 13:37:00
2016-11-17 13:38:00,26.81,26.81,26.78,26.78,111.0,297576.0,2016-11-17 13:38:00
2016-11-17 13:39:00,26.78,26.82,26.77,26.82,198.0,530804.0,2016-11-17 13:39:00
2016-11-17 13:40:00,26.82,26.82,26.77,26.77,269.0,720364.0,2016-11-17 13:40:00
2016-11-17 13:41:00,26.78,26.82,26.77,26.78,356.0,954360.0,2016-11-17 13:41:00
2016-11-17 13:42:00,26.77,26.81,26.77,26.81,21.0,56278.0,2016-11-17 13:42:00
2016-11-17 13:43:00,26.78,26.79,26.78,26.78,17.0,45527.0,2016-11-17 13:43:00
2016-11-17 13:44:00,26.78,26.8,26.78,26.8,22.0,58956.0,2016-11-17 13:44:00
2016-11-17 13:45:00,26.79,26.79,26.78,26.78,143.0,382957.0,2016-11-17 13:45:00
2016-11-17 13:46:00,26.78,26.78,26.77,26.77,106.0,283764.0,2016-11-17 13:46:00
2016-11-17 13:47:00,26.77,26.78,26.77,26.77,129.0,345443.0,2016-11-17 13:47:00
2016-11-17 13:48:00,26.77,26.78,26.77,26.77,54.0,144561.0,2016-11-17 13:48:00
2016-11-17 13:49:00,26.76,26.77,26.74,26.75,71.0,189868.0,2016-11-17 13:49:00
2016-11-17 13:50:00,26.71,26.77,26.71,26.75,210.0,560941.0,2016-11-17 13:50:00
2016-11-17 13:51:00,26.75,26.78,26.75,26.75,12.0,32112.0,2016-11-17 13:51:00
2016-11-17 13:52:00,26.78,26.78,26.75,26.75,9.0,24084.0,2016-11-17 13:52:00
2016-11-17 13:53:00,26.75,26.78,26.74,26.78,183.0,489925.0,2016-11-17 13:53:00
2016-11-17 13:54:00,26.8,26.8,26.78,26.78,66.0,176858.0,2016-11-17 13:54:00
2016-11-17 13:55:00,26.78,26.79,26.78,26.78,68.0,182126.0,2016-11-17 13:55:00
2016-11-17 13:56:00,26.79,26.79,26.77,26.78,26.0,69630.0,2016-11-17 13:56:00
2016-11-17 13:57:00,26.78,26.8,26.77,26.8,136.0,364417.0,2016-11-17 13:57:00
2016-11-17 13:58:00,26.8,26.8,26.78,26.78,95.0,254578.0,2016-11-17 13:58:00
2016-11-17 13:59:00,26.81,26.81,26.78,26.78,76.0,203719.0,2016-11-17 13:59:00
2016-11-17 14:00:00,26.78,26.81,26.78,26.8,81.0,217120.0,2016-11-17 14:00:00
2016-11-17 14:01:00,26.8,26.83,26.8,26.8,165.0,442523.0,2016-11-17 14:01:00
2016-11-17 14:02:00,26.8,26.82,26.8,26.8,59.0,158168.0,2016-11-17 14:02:00
2016-11-17 14:03:00,26.8,26.8,26.79,26.79,77.0,206338.0,2016-11-17 14:03:00
2016-11-17 14:04:00,26.81,26.82,26.81,26.82,62.0,166274.0,2016-11-17 14:04:00
2016-11-17 14:05:00,26.82,26.82,26.79,26.81,8.0,21439.0,2016-11-17 14:05:00
2016-11-17 14:06:00,26.82,26.82,26.82,26.82,1.0,2682.0,2016-11-17 14:06:00
2016-11-17 14:07:00,26.81,26.81,26.81,26.81,112.0,300272.0,2016-11-17 14:07:00
2016-11-17 14:08:00,26.81,26.81,26.8,26.81,84.0,225191.0,2016-11-17 14:08:00
2016-11-17 14:09:00,26.81,26.81,26.8,26.81,7.0,18766.0,2016-11-17 14:09:00
2016-11-17 14:10:00,26.81,26.81,26.8,26.81,6.0,16084.0,2016-11-17 14:10:00
2016-11-17 14:11:00,26.81,26.84,26.81,26.84,148.0,397229.0,2016-11-17 14:11:00
2016-11-17 14:12:00,26.84,26.84,26.84,26.84,7.0,18788.0,2016-11-17 14:12:00
2016-11-17 14:13:00,26.84,26.88,26.84,26.88,323.0,868220.0,2016-11-17 14:13:00
2016-11-17 14:14:00,26.88,26.88,26.88,26.88,31.0,83328.0,2016-11-17 14:14:00
2016-11-17 14:15:00,26.88,26.88,26.85,26.88,55.0,147834.0,2016-11-17 14:15:00
2016-11-17 14:16:00,26.88,26.89,26.86,26.88,31.0,84718.0,2016-11-17 14:16:00
2016-11-17 14:17:00,26.89,26.89,26.85,26.86,61.0,165235.0,2016-11-17 14:17:00
2016-11-17 14:18:00,26.86,26.88,26.85,26.88,42.0,112833.0,2016-11-17 14:18:00
2016-11-17 14:19:00,26.89,26.93,26.89,26.93,174.0,468329.0,2016-11-17 14:19:00
2016-11-17 14:20:00,26.94,26.94,26.92,26.93,51.0,137337.0,2016-11-17 14:20:00
2016-11-17 14:21:00,26.93,26.94,26.93,26.93,94.0,253173.0,2016-11-17 14:21:00
2016-11-17 14:22:00,26.93,26.93,26.92,26.93,28.0,75403.0,2016-11-17 14:22:00
2016-11-17 14:23:00,26.92,26.92,26.89,26.9,29.0,78019.0,2016-11-17 14:23:00
2016-11-17 14:24:00,26.89,26.89,26.88,26.89,61.0,163990.0,2016-11-17 14:24:00
2016-11-17 14:25:00,26.88,26.9,26.88,26.88,29.0,77994.0,2016-11-17 14:25:00
2016-11-17 14:26:00,26.86,26.9,26.86,26.86,98.0,263341.0,2016-11-17 14:26:00
2016-11-17 14:27:00,26.87,26.87,26.86,26.86,67.0,180005.0,2016-11-17 14:27:00
2016-11-17 14:28:00,26.86,26.9,26.82,26.9,160.0,429256.0,2016-11-17 14:28:00
2016-11-17 14:29:00,26.8,26.91,26.8,26.82,363.0,973263.0,2016-11-17 14:29:00
2016-11-17 14:30:00,26.82,26.91,26.82,26.9,241.0,647691.0,2016-11-17 14:30:00
2016-11-17 14:31:00,26.88,26.9,26.88,26.88,120.0,322780.0,2016-11-17 14:31:00
2016-11-17 14:32:00,26.87,26.88,26.87,26.88,10.0,26879.0,2016-11-17 14:32:00
2016-11-17 14:33:00,26.88,26.88,26.85,26.87,210.0,563877.0,2016-11-17 14:33:00
2016-11-17 14:34:00,26.86,26.86,26.84,26.84,20.0,53705.0,2016-11-17 14:34:00
2016-11-17 14:35:00,26.86,26.86,26.86,26.86,8.0,21488.0,2016-11-17 14:35:00
2016-11-17 14:36:00,26.86,26.87,26.86,26.86,34.0,91346.0,2016-11-17 14:36:00
2016-11-17 14:37:00,26.86,26.87,26.85,26.87,29.0,77892.0,2016-11-17 14:37:00
2016-11-17 14:38:00,26.86,26.86,26.85,26.85,59.0,158420.0,2016-11-17 14:38:00
2016-11-17 14:39:00,26.85,26.86,26.85,26.86,130.0,349134.0,2016-11-17 14:39:00
2016-11-17 14:40:00,26.86,26.88,26.86,26.88,129.0,348046.0,2016-11-17 14:40:00
2016-11-17 14:41:00,26.89,26.89,26.87,26.87,22.0,60459.0,2016-11-17 14:41:00
2016-11-17 14:42:00,26.87,26.87,26.86,26.86,108.0,290099.0,2016-11-17 14:42:00
2016-11-17 14:43:00,26.88,26.89,26.88,26.88,256.0,688130.0,2016-11-17 14:43:00
2016-11-17 14:44:00,26.88,26.89,26.88,26.88,104.0,279576.0,2016-11-17 14:44:00
2016-11-17 14:45:00,26.86,26.88,26.86,26.86,47.0,126252.0,2016-11-17 14:45:00
2016-11-17 14:46:00,26.86,26.88,26.86,26.88,85.0,228380.0,2016-11-17 14:46:00
2016-11-17 14:47:00,26.86,26.86,26.86,26.86,12.0,33091.0,2016-11-17 14:47:00
2016-11-17 14:48:00,26.86,26.86,26.85,26.85,123.0,332184.0,2016-11-17 14:48:00
2016-11-17 14:49:00,26.86,26.87,26.86,26.86,27.0,72543.0,2016-11-17 14:49:00
2016-11-17 14:50:00,26.86,26.86,26.83,26.83,136.0,365160.0,2016-11-17 14:50:00
2016-11-17 14:51:00,26.83,26.83,26.83,26.83,74.0,198540.0,2016-11-17 14:51:00
2016-11-17 14:52:00,26.83,26.83,26.82,26.83,135.0,362085.0,2016-11-17 14:52:00
2016-11-17 14:53:00,26.83,26.83,26.81,26.83,81.0,217291.0,2016-11-17 14:53:00
2016-11-17 14:54:00,26.8,26.83,26.78,26.8,551.0,1476454.0,2016-11-17 14:54:00
2016-11-17 14:55:00,26.82,26.82,26.8,26.82,424.0,1136490.0,2016-11-17 14:55:00
2016-11-17 14:56:00,26.82,26.83,26.82,26.83,100.0,268236.0,2016-11-17 14:56:00
2016-11-17 14:57:00,26.83,26.83,26.83,26.83,2.0,5366.0,2016-11-17 14:57:00
2016-11-17 15:00:00,26.84,26.84,26.84,26.84,162.0,436955.0,2016-11-17 15:00:00
2016-11-18 09:25:00,26.84,26.84,26.84,26.84,14.0,37576.0,2016-11-18 09:25:00
2016-11-18 09:30:00,26.84,26.84,26.72,26.74,123.0,329246.0,2016-11-18 09:30:00
2016-11-18 09:31:00,26.83,26.83,26.74,26.75,45.0,120378.0,2016-11-18 09:31:00
2016-11-18 09:32:00,26.75,26.75,26.73,26.73,308.0,823696.0,2016-11-18 09:32:00
2016-11-18 09:33:00,26.72,26.8,26.7,26.7,236.0,630310.0,2016-11-18 09:33:00
2016-11-18 09:34:00,26.72,26.72,26.68,26.68,125.0,333685.0,2016-11-18 09:34:00
2016-11-18 09:35:00,26.7,26.7,26.68,26.69,93.0,249876.0,2016-11-18 09:35:00
2016-11-18 09:36:00,26.7,26.73,26.69,26.69,144.0,384368.0,2016-11-18 09:36:00
2016-11-18 09:37:00,26.69,26.77,26.69,26.77,30.0,80488.0,2016-11-18 09:37:00
2016-11-18 09:38:00,26.77,26.77,26.74,26.74,25.0,67252.0,2016-11-18 09:38:00
2016-11-18 09:39:00,26.74,26.76,26.74,26.76,69.0,184920.0,2016-11-18 09:39:00
2016-11-18 09:40:00,26.74,26.76,26.71,26.71,76.0,203465.0,2016-11-18 09:40:00
2016-11-18 09:41:00,26.72,26.72,26.72,26.72,9.0,26719.0,2016-11-18 09:41:00
2016-11-18 09:42:00,26.71,26.72,26.71,26.72,30.0,85005.0,2016-11-18 09:42:00
2016-11-18 09:43:00,26.72,26.72,26.71,26.71,49.0,131284.0,2016-11-18 09:43:00
2016-11-18 09:44:00,26.71,26.72,26.7,26.7,155.0,417725.0,2016-11-18 09:44:00
2016-11-18 09:45:00,26.7,26.7,26.69,26.7,224.0,598370.0,2016-11-18 09:45:00
2016-11-18 09:46:00,26.69,26.71,26.69,26.71,103.0,278829.0,2016-11-18 09:46:00
2016-11-18 09:47:00,26.7,26.71,26.7,26.71,40.0,107205.0,2016-11-18 09:47:00
2016-11-18 09:48:00,26.71,26.71,26.69,26.7,83.0,221623.0,2016-11-18 09:48:00
2016-11-18 09:49:00,26.7,26.71,26.69,26.71,153.0,408779.0,2016-11-18 09:49:00
2016-11-18 09:50:00,26.7,26.71,26.7,26.7,61.0,165541.0,2016-11-18 09:50:00
2016-11-18 09:51:00,26.7,26.71,26.7,26.7,122.0,326546.0,2016-11-18 09:51:00
2016-11-18 09:52:00,26.7,26.71,26.7,26.71,118.0,318194.0,2016-11-18 09:52:00
2016-11-18 09:53:00,26.7,26.71,26.7,26.71,77.0,206014.0,2016-11-18 09:53:00
2016-11-18 09:54:00,26.71,26.71,26.7,26.71,111.0,296845.0,2016-11-18 09:54:00
2016-11-18 09:55:00,26.71,26.71,26.7,26.7,32.0,88130.0,2016-11-18 09:55:00
2016-11-18 09:56:00,26.71,26.71,26.7,26.7,153.0,408953.0,2016-11-18 09:56:00
2016-11-18 09:57:00,26.71,26.73,26.7,26.7,111.0,299155.0,2016-11-18 09:57:00
2016-11-18 09:58:00,26.71,26.71,26.7,26.7,176.0,473021.0,2016-11-18 09:58:00
2016-11-18 09:59:00,26.7,26.71,26.7,26.71,192.0,513092.0,2016-11-18 09:59:00
2016-11-18 10:00:00,26.71,26.71,26.7,26.71,170.0,456063.0,2016-11-18 10:00:00
2016-11-18 10:01:00,26.71,26.73,26.71,26.73,95.0,256058.0,2016-11-18 10:01:00
2016-11-18 10:02:00,26.72,26.72,26.71,26.72,71.0,192752.0,2016-11-18 10:02:00
2016-11-18 10:03:00,26.73,26.73,26.7,26.73,321.0,860502.0,2016-11-18 10:03:00
2016-11-18 10:04:00,26.75,26.81,26.75,26.81,552.0,1478111.0,2016-11-18 10:04:00
2016-11-18 10:05:00,26.82,26.82,26.78,26.78,59.0,158626.0,2016-11-18 10:05:00
2016-11-18 10:06:00,26.78,26.78,26.78,26.78,26.0,70029.0,2016-11-18 10:06:00
2016-11-18 10:07:00,26.8,26.8,26.77,26.77,515.0,1381055.0,2016-11-18 10:07:00
2016-11-18 10:08:00,26.77,26.77,26.76,26.76,17.0,45495.0,2016-11-18 10:08:00
2016-11-18 10:09:00,26.75,26.75,26.72,26.74,34.0,91326.0,2016-11-18 10:09:00
2016-11-18 10:10:00,26.76,26.76,26.72,26.72,51.0,137076.0,2016-11-18 10:10:00
2016-11-18 10:11:00,26.76,26.76,26.73,26.73,28.0,75328.0,2016-11-18 10:11:00
2016-11-18 10:12:00,26.76,26.76,26.73,26.73,47.0,129122.0,2016-11-18 10:12:00
2016-11-18 10:13:00,26.72,26.76,26.72,26.76,116.0,310396.0,2016-11-18 10:13:00
2016-11-18 10:14:00,26.73,26.73,26.73,26.73,26.0,69925.0,2016-11-18 10:14:00
2016-11-18 10:15:00,26.74,26.74,26.73,26.74,27.0,72575.0,2016-11-18 10:15:00
2016-11-18 10:16:00,26.74,26.74,26.74,26.74,4.0,11069.0,2016-11-18 10:16:00
2016-11-18 10:17:00,26.75,26.76,26.75,26.75,77.0,208650.0,2016-11-18 10:17:00
2016-11-18 10:18:00,26.74,26.74,26.73,26.73,155.0,416731.0,2016-11-18 10:18:00
2016-11-18 10:19:00,26.74,26.75,26.73,26.73,92.0,247545.0,2016-11-18 10:19:00
2016-11-18 10:20:00,26.73,26.75,26.73,26.73,64.0,171520.0,2016-11-18 10:20:00
2016-11-18 10:21:00,26.75,26.75,26.75,26.75,98.0,262551.0,2016-11-18 10:21:00
2016-11-18 10:22:00,26.76,26.76,26.75,26.75,35.0,97028.0,2016-11-18 10:22:00
2016-11-18 10:23:00,26.75,26.79,26.75,26.75,62.0,166375.0,2016-11-18 10:23:00
2016-11-18 10:24:00,26.75,26.78,26.75,26.78,8.0,21816.0,2016-11-18 10:24:00
2016-11-18 10:25:00,26.79,26.79,26.76,26.76,18.0,48623.0,2016-11-18 10:25:00
2016-11-18 10:26:00,26.76,26.79,26.73,26.73,93.0,249076.0,2016-11-18 10:26:00
2016-11-18 10:27:00,26.75,26.78,26.74,26.75,50.0,134128.0,2016-11-18 10:27:00
2016-11-18 10:28:00,26.78,26.78,26.75,26.78,39.0,104840.0,2016-11-18 10:28:00
2016-11-18 10:29:00,26.78,26.81,26.75,26.8,146.0,393758.0,2016-11-18 10:29:00
2016-11-18 10:30:00,26.8,26.81,26.8,26.8,116.0,313179.0,2016-11-18 10:30:00
2016-11-18 10:31:00,26.8,26.81,26.8,26.8,58.0,158120.0,2016-11-18 10:31:00
2016-11-18 10:32:00,26.74,26.8,26.74,26.8,105.0,282801.0,2016-11-18 10:32:00
2016-11-18 10:33:00,26.75,26.8,26.73,26.74,504.0,1351805.0,2016-11-18 10:33:00
2016-11-18 10:34:00,26.73,26.73,26.71,26.71,1252.0,3348545.0,2016-11-18 10:34:00
2016-11-18 10:35:00,26.7,26.72,26.7,26.7,763.0,2038204.0,2016-11-18 10:35:00
2016-11-18 10:36:00,26.72,26.74,26.71,26.74,102.0,273059.0,2016-11-18 10:36:00
2016-11-18 10:37:00,26.74,26.74,26.7,26.7,206.0,553304.0,2016-11-18 10:37:00
2016-11-18 10:38:00,26.75,26.75,26.7,26.75,323.0,865429.0,2016-11-18 10:38:00
2016-11-18 10:39:00,26.75,26.79,26.75,26.76,106.0,284019.0,2016-11-18 10:39:00
2016-11-18 10:40:00,26.76,26.76,26.75,26.76,212.0,567690.0,2016-11-18 10:40:00
2016-11-18 10:41:00,26.76,26.77,26.75,26.75,74.0,198389.0,2016-11-18 10:41:00
2016-11-18 10:42:00,26.75,26.76,26.75,26.76,25.0,68646.0,2016-11-18 10:42:00
2016-11-18 10:43:00,26.76,26.77,26.76,26.77,79.0,214524.0,2016-11-18 10:43:00
2016-11-18 10:44:00,26.77,26.77,26.77,26.77,54.0,144959.0,2016-11-18 10:44:00
2016-11-18 10:45:00,26.78,26.78,26.77,26.77,1.0,3079.0,2016-11-18 10:45:00
2016-11-18 10:46:00,26.77,26.78,26.77,26.77,63.0,169056.0,2016-11-18 10:46:00
2016-11-18 10:47:00,26.75,26.78,26.73,26.73,599.0,1607328.0,2016-11-18 10:47:00
2016-11-18 10:48:00,26.71,26.76,26.7,26.71,40.0,107225.0,2016-11-18 10:48:00
2016-11-18 10:49:00,26.73,26.77,26.71,26.71,8.0,21798.0,2016-11-18 10:49:00
2016-11-18 10:50:00,26.72,26.72,26.71,26.71,10.0,27120.0,2016-11-18 10:50:00
2016-11-18 10:51:00,26.72,26.72,26.71,26.72,43.0,115293.0,2016-11-18 10:51:00
2016-11-18 10:52:00,26.73,26.73,26.73,26.73,1.0,3073.0,2016-11-18 10:52:00
2016-11-18 10:53:00,26.75,26.75,26.75,26.75,20.0,53500.0,2016-11-18 10:53:00
2016-11-18 10:54:00,26.74,26.75,26.74,26.74,24.0,64985.0,2016-11-18 10:54:00
2016-11-18 10:55:00,26.75,26.76,26.74,26.74,41.0,110116.0,2016-11-18 10:55:00
2016-11-18 10:56:00,26.77,26.77,26.76,26.76,194.0,522250.0,2016-11-18 10:56:00
2016-11-18 10:57:00,26.77,26.8,26.77,26.8,88.0,236112.0,2016-11-18 10:57:00
2016-11-18 10:58:00,26.79,26.79,26.77,26.77,22.0,61616.0,2016-11-18 10:58:00
2016-11-18 10:59:00,26.79,26.79,26.77,26.77,15.0,40586.0,2016-11-18 10:59:00
2016-11-18 11:00:00,26.77,26.8,26.77,26.8,97.0,263573.0,2016-11-18 11:00:00
2016-11-18 11:01:00,26.81,26.81,26.76,26.76,27.0,74477.0,2016-11-18 11:01:00
2016-11-18 11:02:00,26.8,26.8,26.76,26.8,32.0,86149.0,2016-11-18 11:02:00
2016-11-18 11:03:00,26.76,26.76,26.76,26.76,0.0,401.0,2016-11-18 11:03:00
2016-11-18 11:04:00,26.76,26.76,26.73,26.73,94.0,251781.0,2016-11-18 11:04:00
2016-11-18 11:05:00,26.74,26.74,26.74,26.74,51.0,139047.0,2016-11-18 11:05:00
2016-11-18 11:06:00,26.74,26.77,26.74,26.77,30.0,81073.0,2016-11-18 11:06:00
2016-11-18 11:07:00,26.74,26.74,26.74,26.74,0.0,401.0,2016-11-18 11:07:00
2016-11-18 11:08:00,26.79,26.79,26.75,26.75,41.0,110120.0,2016-11-18 11:08:00
2016-11-18 11:09:00,26.79,26.79,26.76,26.76,18.0,48623.0,2016-11-18 11:09:00
2016-11-18 11:10:00,26.76,26.76,26.76,26.76,0.0,401.0,2016-11-18 11:10:00
2016-11-18 11:11:00,26.76,26.77,26.73,26.74,442.0,1182014.0,2016-11-18 11:11:00
2016-11-18 11:12:00,26.76,26.76,26.74,26.74,39.0,106562.0,2016-11-18 11:12:00
2016-11-18 11:13:00,26.74,26.75,26.74,26.75,78.0,209814.0,2016-11-18 11:13:00
2016-11-18 11:14:00,26.75,26.75,26.74,26.74,30.0,80641.0,2016-11-18 11:14:00
2016-11-18 11:15:00,26.75,26.8,26.74,26.74,303.0,812112.0,2016-11-18 11:15:00
2016-11-18 11:16:00,26.74,26.74,26.74,26.74,19.0,51180.0,2016-11-18 11:16:00
2016-11-18 11:17:00,26.73,26.73,26.73,26.73,74.0,198202.0,2016-11-18 11:17:00
2016-11-18 11:18:00,26.73,26.73,26.73,26.73,0.0,400.0,2016-11-18 11:18:00
2016-11-18 11:19:00,26.73,26.73,26.7,26.7,600.0,1602700.0,2016-11-18 11:19:00
2016-11-18 11:20:00,26.73,26.78,26.73,26.73,4.0,11097.0,2016-11-18 11:20:00
2016-11-18 11:21:00,26.73,26.74,26.73,26.74,10.0,27131.0,2016-11-18 11:21:00
2016-11-18 11:22:00,26.74,26.74,26.74,26.74,1.0,3075.0,2016-11-18 11:22:00
2016-11-18 11:23:00,26.74,26.78,26.74,26.74,18.0,48572.0,2016-11-18 11:23:00
2016-11-18 11:24:00,26.75,26.75,26.75,26.75,13.0,35176.0,2016-11-18 11:24:00
2016-11-18 11:25:00,26.75,26.75,26.74,26.74,45.0,123049.0,2016-11-18 11:25:00
2016-11-18 11:26:00,26.74,26.74,26.73,26.73,2.0,6817.0,2016-11-18 11:26:00
2016-11-18 11:27:00,26.73,26.73,26.73,26.73,1.0,3073.0,2016-11-18 11:27:00
2016-11-18 11:28:00,26.72,26.73,26.72,26.73,50.0,134037.0,2016-11-18 11:28:00
2016-11-18 11:29:00,26.73,26.73,26.72,26.72,12.0,35787.0,2016-11-18 11:29:00
2016-11-18 11:30:00,26.72,26.72,26.72,26.72,0.0,0.0,2016-11-18 11:30:00
2016-11-18 13:00:00,26.72,26.72,26.71,26.72,63.0,168676.0,2016-11-18 13:00:00
2016-11-18 13:01:00,26.72,26.72,26.71,26.72,36.0,97365.0,2016-11-18 13:01:00
2016-11-18 13:02:00,26.71,26.72,26.71,26.72,92.0,245742.0,2016-11-18 13:02:00
2016-11-18 13:03:00,26.71,26.71,26.71,26.71,9.0,25107.0,2016-11-18 13:03:00
2016-11-18 13:04:00,26.71,26.72,26.7,26.72,159.0,426249.0,2016-11-18 13:04:00
2016-11-18 13:05:00,26.73,26.74,26.72,26.74,29.0,79537.0,2016-11-18 13:05:00
2016-11-18 13:07:00,26.75,26.75,26.75,26.75,9.0,24075.0,2016-11-18 13:07:00
2016-11-18 13:08:00,26.74,26.74,26.74,26.74,5.0,14439.0,2016-11-18 13:08:00
2016-11-18 13:09:00,26.72,26.72,26.72,26.72,5.0,13360.0,2016-11-18 13:09:00
2016-11-18 13:10:00,26.74,26.74,26.73,26.73,15.0,40096.0,2016-11-18 13:10:00
2016-11-18 13:11:00,26.72,26.73,26.72,26.73,16.0,42766.0,2016-11-18 13:11:00
2016-11-18 13:12:00,26.73,26.73,26.72,26.72,18.0,48112.0,2016-11-18 13:12:00
2016-11-18 13:13:00,26.72,26.72,26.72,26.72,150.0,403044.0,2016-11-18 13:13:00
2016-11-18 13:14:00,26.72,26.72,26.71,26.71,14.0,37395.0,2016-11-18 13:14:00
2016-11-18 13:15:00,26.7,26.7,26.7,26.7,50.0,133500.0,2016-11-18 13:15:00
2016-11-18 13:16:00,26.7,26.71,26.7,26.71,63.0,168239.0,2016-11-18 13:16:00
2016-11-18 13:17:00,26.71,26.71,26.71,26.71,31.0,82801.0,2016-11-18 13:17:00
2016-11-18 13:18:00,26.71,26.72,26.71,26.72,100.0,267106.0,2016-11-18 13:18:00
2016-11-18 13:19:00,26.72,26.72,26.72,26.72,8.0,21376.0,2016-11-18 13:19:00
2016-11-18 13:20:00,26.71,26.71,26.71,26.71,49.0,130879.0,2016-11-18 13:20:00
2016-11-18 13:21:00,26.7,26.71,26.7,26.7,279.0,745607.0,2016-11-18 13:21:00
2016-11-18 13:22:00,26.69,26.69,26.66,26.69,1423.0,3794769.0,2016-11-18 13:22:00
2016-11-18 13:23:00,26.69,26.69,26.66,26.66,543.0,1447896.0,2016-11-18 13:23:00
2016-11-18 13:24:00,26.66,26.66,26.65,26.66,69.0,183947.0,2016-11-18 13:24:00
2016-11-18 13:25:00,26.65,26.68,26.65,26.68,525.0,1402099.0,2016-11-18 13:25:00
2016-11-18 13:26:00,26.68,26.68,26.62,26.62,397.0,1057972.0,2016-11-18 13:26:00
2016-11-18 13:27:00,26.67,26.67,26.64,26.64,91.0,242495.0,2016-11-18 13:27:00
2016-11-18 13:28:00,26.64,26.65,26.64,26.65,102.0,273337.0,2016-11-18 13:28:00
2016-11-18 13:29:00,26.65,26.65,26.65,26.65,25.0,67691.0,2016-11-18 13:29:00
2016-11-18 13:30:00,26.64,26.65,26.64,26.64,79.0,212082.0,2016-11-18 13:30:00
2016-11-18 13:31:00,26.65,26.67,26.65,26.67,22.0,58656.0,2016-11-18 13:31:00
2016-11-18 13:32:00,26.65,26.65,26.65,26.65,24.0,63960.0,2016-11-18 13:32:00
2016-11-18 13:33:00,26.66,26.67,26.66,26.67,4.0,11064.0,2016-11-18 13:33:00
2016-11-18 13:34:00,26.66,26.67,26.66,26.66,172.0,459111.0,2016-11-18 13:34:00
2016-11-18 13:35:00,26.66,26.67,26.66,26.67,61.0,165452.0,2016-11-18 13:35:00
2016-11-18 13:36:00,26.66,26.68,26.66,26.68,105.0,280909.0,2016-11-18 13:36:00
2016-11-18 13:37:00,26.68,26.69,26.68,26.69,23.0,63138.0,2016-11-18 13:37:00
2016-11-18 13:39:00,26.69,26.69,26.68,26.69,66.0,176115.0,2016-11-18 13:39:00
2016-11-18 13:40:00,26.68,26.68,26.68,26.68,35.0,94287.0,2016-11-18 13:40:00
2016-11-18 13:41:00,26.67,26.69,26.67,26.69,44.0,119149.0,2016-11-18 13:41:00
2016-11-18 13:42:00,26.68,26.68,26.67,26.67,58.0,154722.0,2016-11-18 13:42:00
2016-11-18 13:43:00,26.68,26.68,26.67,26.68,6.0,16006.0,2016-11-18 13:43:00
2016-11-18 13:44:00,26.67,26.68,26.67,26.68,86.0,229446.0,2016-11-18 13:44:00
2016-11-18 13:45:00,26.68,26.69,26.68,26.69,16.0,42689.0,2016-11-18 13:45:00
2016-11-18 13:46:00,26.68,26.68,26.67,26.68,55.0,146702.0,2016-11-18 13:46:00
2016-11-18 13:47:00,26.68,26.68,26.67,26.67,60.0,160036.0,2016-11-18 13:47:00
2016-11-18 13:48:00,26.68,26.68,26.67,26.67,29.0,77344.0,2016-11-18 13:48:00
2016-11-18 13:49:00,26.67,26.68,26.67,26.68,3.0,8002.0,2016-11-18 13:49:00
2016-11-18 13:50:00,26.68,26.68,26.67,26.67,4.0,10670.0,2016-11-18 13:50:00
2016-11-18 13:51:00,26.68,26.68,26.67,26.67,25.0,66692.0,2016-11-18 13:51:00
2016-11-18 13:52:00,26.69,26.69,26.68,26.68,12.0,32018.0,2016-11-18 13:52:00
2016-11-18 13:53:00,26.68,26.68,26.67,26.67,16.0,42681.0,2016-11-18 13:53:00
2016-11-18 13:54:00,26.69,26.69,26.67,26.67,43.0,114727.0,2016-11-18 13:54:00
2016-11-18 13:55:00,26.67,26.67,26.67,26.67,28.0,74676.0,2016-11-18 13:55:00
2016-11-18 13:56:00,26.69,26.69,26.69,26.69,9.0,24021.0,2016-11-18 13:56:00
2016-11-18 13:57:00,26.69,26.69,26.69,26.69,175.0,467075.0,2016-11-18 13:57:00
2016-11-18 13:58:00,26.69,26.7,26.69,26.7,252.0,673756.0,2016-11-18 13:58:00
2016-11-18 13:59:00,26.7,26.7,26.69,26.7,437.0,1166489.0,2016-11-18 13:59:00
2016-11-18 14:00:00,26.7,26.7,26.68,26.68,13.0,36241.0,2016-11-18 14:00:00
2016-11-18 14:01:00,26.67,26.68,26.67,26.68,11.0,29347.0,2016-11-18 14:01:00
2016-11-18 14:02:00,26.68,26.68,26.66,26.66,116.0,309268.0,2016-11-18 14:02:00
2016-11-18 14:03:00,26.66,26.66,26.66,26.66,50.0,133300.0,2016-11-18 14:03:00
2016-11-18 14:04:00,26.68,26.68,26.66,26.68,19.0,50668.0,2016-11-18 14:04:00
2016-11-18 14:06:00,26.68,26.68,26.64,26.64,195.0,519492.0,2016-11-18 14:06:00
2016-11-18 14:07:00,26.64,26.64,26.64,26.64,110.0,295916.0,2016-11-18 14:07:00
2016-11-18 14:08:00,26.67,26.67,26.66,26.66,15.0,39992.0,2016-11-18 14:08:00
2016-11-18 14:09:00,26.64,26.66,26.64,26.66,31.0,82586.0,2016-11-18 14:09:00
2016-11-18 14:10:00,26.64,26.65,26.6,26.6,1059.0,2818122.0,2016-11-18 14:10:00
2016-11-18 14:11:00,26.6,26.6,26.59,26.59,103.0,276415.0,2016-11-18 14:11:00
2016-11-18 14:12:00,26.59,26.6,26.59,26.59,463.0,1231538.0,2016-11-18 14:12:00
2016-11-18 14:13:00,26.6,26.62,26.6,26.62,197.0,525750.0,2016-11-18 14:13:00
2016-11-18 14:14:00,26.6,26.61,26.6,26.6,116.0,308575.0,2016-11-18 14:14:00
2016-11-18 14:15:00,26.61,26.63,26.61,26.61,76.0,202238.0,2016-11-18 14:15:00
2016-11-18 14:16:00,26.63,26.63,26.62,26.63,79.0,210348.0,2016-11-18 14:16:00
2016-11-18 14:17:00,26.64,26.64,26.61,26.61,466.0,1241720.0,2016-11-18 14:17:00
2016-11-18 14:18:00,26.62,26.65,26.62,26.64,30.0,79923.0,2016-11-18 14:18:00
2016-11-18 14:19:00,26.62,26.65,26.62,26.65,118.0,314458.0,2016-11-18 14:19:00
2016-11-18 14:20:00,26.65,26.66,26.65,26.66,19.0,50640.0,2016-11-18 14:20:00
2016-11-18 14:21:00,26.66,26.66,26.62,26.62,267.0,711512.0,2016-11-18 14:21:00
2016-11-18 14:22:00,26.64,26.64,26.61,26.61,19.0,50575.0,2016-11-18 14:22:00
2016-11-18 14:23:00,26.62,26.65,26.61,26.65,650.0,1733539.0,2016-11-18 14:23:00
2016-11-18 14:24:00,26.65,26.67,26.65,26.67,19.0,50639.0,2016-11-18 14:24:00
2016-11-18 14:25:00,26.67,26.67,26.65,26.65,216.0,576239.0,2016-11-18 14:25:00
2016-11-18 14:26:00,26.65,26.67,26.65,26.66,663.0,1767938.0,2016-11-18 14:26:00
2016-11-18 14:27:00,26.65,26.66,26.65,26.65,255.0,681201.0,2016-11-18 14:27:00
2016-11-18 14:28:00,26.65,26.65,26.64,26.65,213.0,569853.0,2016-11-18 14:28:00
2016-11-18 14:29:00,26.65,26.66,26.65,26.66,15.0,39979.0,2016-11-18 14:29:00
2016-11-18 14:30:00,26.66,26.68,26.65,26.66,116.0,309377.0,2016-11-18 14:30:00
2016-11-18 14:31:00,26.65,26.66,26.65,26.66,47.0,125295.0,2016-11-18 14:31:00
2016-11-18 14:32:00,26.65,26.65,26.64,26.64,188.0,501471.0,2016-11-18 14:32:00
2016-11-18 14:33:00,26.64,26.64,26.59,26.59,1630.0,4340908.0,2016-11-18 14:33:00
2016-11-18 14:34:00,26.59,26.6,26.59,26.6,104.0,278322.0,2016-11-18 14:34:00
2016-11-18 14:35:00,26.62,26.62,26.6,26.6,33.0,87786.0,2016-11-18 14:35:00
2016-11-18 14:36:00,26.6,26.62,26.6,26.6,81.0,216419.0,2016-11-18 14:36:00
2016-11-18 14:37:00,26.6,26.61,26.6,26.61,156.0,416730.0,2016-11-18 14:37:00
2016-11-18 14:38:00,26.61,26.61,26.59,26.6,144.0,384056.0,2016-11-18 14:38:00
2016-11-18 14:39:00,26.6,26.6,26.58,26.58,509.0,1353313.0,2016-11-18 14:39:00
2016-11-18 14:40:00,26.58,26.58,26.57,26.57,150.0,398573.0,2016-11-18 14:40:00
2016-11-18 14:41:00,26.56,26.58,26.56,26.58,217.0,578212.0,2016-11-18 14:41:00
2016-11-18 14:42:00,26.57,26.58,26.57,26.58,133.0,353396.0,2016-11-18 14:42:00
2016-11-18 14:43:00,26.58,26.58,26.58,26.58,240.0,638663.0,2016-11-18 14:43:00
2016-11-18 14:44:00,26.59,26.59,26.57,26.57,373.0,991148.0,2016-11-18 14:44:00
2016-11-18 14:45:00,26.57,26.59,26.55,26.55,400.0,1062315.0,2016-11-18 14:45:00
2016-11-18 14:46:00,26.56,26.56,26.5,26.54,1061.0,2813244.0,2016-11-18 14:46:00
2016-11-18 14:47:00,26.5,26.54,26.48,26.48,1086.0,2882091.0,2016-11-18 14:47:00
2016-11-18 14:48:00,26.48,26.48,26.46,26.46,380.0,1005792.0,2016-11-18 14:48:00
2016-11-18 14:49:00,26.48,26.49,26.42,26.42,1552.0,4111878.0,2016-11-18 14:49:00
2016-11-18 14:50:00,26.42,26.42,26.39,26.41,1067.0,2820111.0,2016-11-18 14:50:00
2016-11-18 14:51:00,26.42,26.42,26.41,26.42,1399.0,3696141.0,2016-11-18 14:51:00
2016-11-18 14:52:00,26.41,26.46,26.41,26.46,931.0,2462753.0,2016-11-18 14:52:00
2016-11-18 14:53:00,26.48,26.53,26.48,26.5,400.0,1060653.0,2016-11-18 14:53:00
2016-11-18 14:54:00,26.51,26.51,26.5,26.5,100.0,265016.0,2016-11-18 14:54:00
2016-11-18 14:55:00,26.5,26.5,26.47,26.5,173.0,458318.0,2016-11-18 14:55:00
2016-11-18 14:56:00,26.49,26.51,26.49,26.51,334.0,885207.0,2016-11-18 14:56:00
2016-11-18 14:57:00,26.51,26.51,26.51,26.51,0.0,0.0,2016-11-18 14:57:00
2016-11-18 15:00:00,26.5,26.5,26.5,26.5,601.0,1592650.0,2016-11-18 15:00:00
